"id","LDR1","LDR2","button"
"3650","427","73","181"
"3651","413","65","165"
"3652","406","62","162"
"3653","407","61","156"
"3654","407","61","169"
"3655","408","61","160"
"3656","407","61","179"
"3657","406","61","167"
"3658","407","62","151"
"3659","412","65","168"
"3660","420","71","181"
"3661","421","71","181"
"3662","426","73","182"
"3663","424","72","172"
"3664","409","63","157"
"3665","398","55","162"
"3666","401","56","144"
"3667","405","59","144"
"3668","422","71","175"
"3669","421","71","172"
"3670","421","71","164"
"3671","421","70","166"
"3672","421","70","172"
"3673","422","71","161"
"3674","421","71","164"
"3675","420","70","163"
"3676","420","70","160"
"3677","421","71","160"
"3678","420","70","174"
"3679","421","70","171"
"3680","420","70","160"
"3681","421","70","162"
"3682","421","70","172"
"3683","421","70","173"
"3684","421","71","165"
"3685","421","71","169"
"3686","421","71","176"
"3687","421","71","171"
"3688","421","71","169"
"3689","422","71","160"
"3690","421","70","167"
"3691","422","71","174"
"3692","421","71","172"
"3693","421","70","170"
"3694","420","70","176"
"3695","421","70","165"
"3696","422","71","174"
"3697","420","70","168"
"3698","420","70","165"
"3699","420","70","161"
"3700","421","71","172"
"3701","421","70","159"
"3702","420","70","176"
"3703","421","71","160"
"3704","420","70","175"
"3705","420","70","164"
"3706","420","70","167"
"3707","421","71","175"
"3708","420","70","167"
"3709","422","71","175"
"3710","421","70","175"
"3711","421","71","172"
"3712","421","71","169"
"3713","423","72","162"
"3714","423","72","175"
"3715","420","70","162"
"3716","421","70","164"
"3717","423","72","162"
"3718","421","71","173"
"3719","422","71","169"
"3720","394","53","149"
"3721","401","61","159"
"3722","421","70","164"
"3723","418","71","170"
"3724","419","72","173"
"3725","415","71","161"
"3726","406","63","154"
"3727","412","67","168"
"3728","410","69","155"
"3729","410","70","153"
"3730","422","72","162"
"3731","408","43","169"
"3732","400","56","143"
"3733","399","62","150"
"3734","409","70","175"
"3735","409","70","177"
"3736","377","52","165"
"3737","353","45","133"
"3738","360","57","171"
"3739","410","68","177"
"3740","355","52","151"
"3741","404","65","175"
"3742","412","71","168"
"3743","385","60","57"
"3744","846","57","383"
"3745","852","58","383"
"3746","394","61","133"
"3747","852","59","383"
"3748","399","62","159"
"3749","401","62","151"
"3750","404","67","165"
"3751","385","57","135"
"3752","394","61","95"
"3753","845","64","383"
"3754","852","68","383"
"3755","851","71","383"
"3756","488","71","163"
"3757","406","71","156"
"3758","851","72","383"
"3759","407","71","161"
"3760","852","73","383"
"3761","403","71","165"
"3762","402","72","159"
"3763","400","71","158"
"3764","851","71","383"
"3765","852","71","383"
"3766","851","72","383"
"3767","851","71","383"
"3768","408","72","160"
"3769","478","72","154"
"3770","851","71","383"
"3771","405","72","160"
"3772","851","71","383"
"3773","851","71","383"
"3774","404","71","164"
"3775","851","71","383"
"3776","405","70","160"
"3777","851","71","383"
"3778","851","71","383"
"3779","851","71","383"
"3780","851","72","383"
"3781","400","70","156"
"3782","851","71","383"
"3783","851","71","383"
"3784","851","72","383"
"3785","851","72","383"
"3786","851","72","383"
"3787","851","72","383"
"3788","851","71","383"
"3789","403","71","171"
"3790","410","71","173"
"3791","403","70","163"
"3792","404","71","166"
"3793","851","71","383"
"3794","851","71","383"
"3795","410","72","160"
"3796","407","72","159"
"3797","406","72","159"
"3798","851","71","383"
"3799","405","70","174"
"3800","851","72","383"
"3801","405","71","157"
"3802","404","71","157"
"3803","851","72","383"
"3804","406","70","157"
"3805","406","71","174"
"3806","851","71","383"
"3807","413","71","174"
"3808","405","71","156"
"3809","404","71","170"
"3810","851","71","383"
"3811","404","70","171"
"3812","406","71","167"
"3813","405","72","172"
"3814","850","71","383"
"3815","851","71","383"
"3816","430","71","174"
"3817","851","72","383"
"3818","405","71","165"
"3819","406","72","160"
"3820","403","71","171"
"3821","402","70","160"
"3822","851","72","383"
"3823","851","72","383"
"3824","404","71","163"
"3825","851","71","383"
"3826","851","72","383"
"3827","402","70","174"
"3828","851","72","383"
"3829","851","69","383"
"3830","851","61","383"
"3831","851","71","383"
"3832","406","72","158"
"3833","851","73","383"
"3834","851","73","383"
"3835","646","196","211"
"3836","855","119","383"
"3837","860","184","383"
"3838","653","207","201"
"3839","854","110","383"
"3840","858","151","383"
"3841","654","189","209"
"3842","650","187","209"
"3843","650","186","212"
"3844","648","200","224"
"3845","650","186","212"
"3846","651","187","217"
"3847","650","186","216"
"3848","649","186","212"
"3849","651","187","216"
"3850","650","186","218"
"3851","650","186","209"
"3852","651","187","217"
"3853","650","186","218"
"3854","650","186","219"
"3855","650","186","212"
"3856","650","186","218"
"3857","650","186","210"
"3858","650","187","210"
"3859","651","187","213"
"3860","678","211","198"
"3861","650","186","219"
"3862","650","186","219"
"3863","651","187","217"
"3864","651","187","213"
"3865","651","187","216"
"3866","651","186","216"
"3867","650","186","210"
"3868","651","187","217"
"3869","650","186","210"
"3870","651","186","213"
"3871","650","186","210"
"3872","650","186","211"
"3873","650","186","218"
"3874","650","187","217"
"3875","650","186","209"
"3876","650","186","210"
"3877","650","186","213"
"3878","650","187","213"
"3879","650","186","219"
"3880","650","187","212"
"3881","651","186","219"
"3882","650","186","208"
"3883","651","187","215"
"3884","650","187","213"
"3885","650","187","216"
"3886","648","187","216"
"3887","650","187","216"
"3888","649","186","209"
"3889","649","186","209"
"3890","651","187","218"
"3891","646","182","188"
"3892","645","181","219"
"3893","648","184","215"
"3894","645","182","217"
"3895","653","186","217"
"3896","654","186","217"
"3897","863","185","383"
"3898","863","186","383"
"3899","650","187","216"
"3900","655","186","215"
"3901","863","184","383"
"3902","654","182","207"
"3903","644","180","218"
"3904","644","178","216"
"3905","862","183","383"
"3906","649","183","212"
"3907","863","190","383"
"3908","865","207","383"
"3909","651","184","218"
"3910","870","240","383"
"3911","871","250","383"
"3912","869","234","383"
"3913","867","226","383"
"3914","730","249","242"
"3915","731","253","232"
"3916","741","271","239"
"3917","744","270","251"
"3918","743","274","253"
"3919","744","272","233"
"3920","868","222","383"
"3921","744","273","248"
"3922","744","272","240"
"3923","744","276","254"
"3924","742","277","240"
"3925","743","275","253"
"3926","743","270","251"
"3927","741","276","241"
"3928","871","274","383"
"3929","874","275","383"
"3930","872","279","383"
"3931","872","278","383"
"3932","872","277","383"
"3933","871","266","383"
"3934","868","221","383"
"3935","869","233","383"
"3936","868","217","383"
"3937","867","212","383"
"3938","867","222","382"
"3939","869","240","383"
"3940","870","247","382"
"3941","871","252","383"
"3942","873","275","382"
"3943","868","230","382"
"3944","867","214","383"
"3945","743","275","253"
"3946","875","290","382"
"3947","877","299","382"
"3948","769","308","252"
"3949","771","311","260"
"3950","766","302","254"
"3951","774","301","261"
"3952","871","265","382"
"3953","775","302","257"
"3954","878","287","383"
"3955","878","286","383"
"3956","878","287","383"
"3957","878","286","383"
"3958","878","287","383"
"3959","878","278","382"
"3960","768","286","251"
"3961","775","302","262"
"3962","771","304","259"
"3963","878","282","382"
"3964","878","278","382"
"3965","771","299","260"
"3966","878","285","383"
"3967","769","286","257"
"3968","768","283","248"
"3969","760","286","248"
"3970","761","285","254"
"3971","763","290","253"
"3972","767","286","255"
"3973","761","289","247"
"3974","766","285","257"
"3975","764","293","250"
"3976","761","316","265"
"3977","763","313","264"
"3978","764","290","258"
"3979","749","287","249"
"3980","873","279","383"
"3981","874","276","383"
"3982","873","273","383"
"3983","757","296","253"
"3984","873","272","383"
"3985","746","269","251"
"3986","732","251","225"
"3987","870","237","383"
"3988","869","231","383"
"3989","744","263","247"
"3990","870","239","383"
"3991","729","249","243"
"3992","765","299","258"
"3993","683","204","227"
"3994","746","267","246"
"3995","726","244","238"
"3996","662","196","223"
"3997","670","199","227"
"3998","664","189","222"
"3999","862","180","383"
"4000","653","186","218"
"4001","867","220","383"
"4002","863","187","383"
"4003","655","187","213"
"4004","862","186","383"
"4005","692","212","205"
"4006","654","187","207"
"4007","675","200","225"
"4008","655","186","214"
"4009","653","186","218"
"4010","862","180","383"
"4011","649","186","206"
"4012","649","185","206"
"4013","650","185","201"
"4014","648","186","206"
"4015","649","187","212"
"4016","862","186","383"
"4017","862","187","383"
"4018","862","186","383"
"4019","862","186","383"
"4020","649","186","216"
"4021","649","186","215"
"4022","650","185","207"
"4023","862","186","383"
"4024","862","186","383"
"4025","649","186","217"
"4026","862","186","383"
"4027","862","186","383"
"4028","862","186","383"
"4029","649","186","211"
"4030","862","187","383"
"4031","862","186","382"
"4032","862","186","382"
"4033","862","186","383"
"4034","649","186","216"
"4035","862","187","382"
"4036","654","185","194"
"4037","653","185","222"
"4038","651","186","215"
"4039","653","185","217"
"4040","654","187","216"
"4041","654","186","216"
"4042","653","185","218"
"4043","654","186","218"
"4044","654","185","208"
"4045","862","186","382"
"4046","651","186","186"
"4047","652","186","197"
"4048","654","186","218"
"4049","654","187","214"
"4050","654","187","212"
"4051","654","187","218"
"4052","653","186","205"
"4053","654","187","207"
"4054","652","185","219"
"4055","654","186","209"
"4056","652","185","205"
"4057","653","186","200"
"4058","654","187","206"
"4059","654","186","218"
"4060","654","188","212"
"4061","652","186","219"
"4062","652","187","219"
"4063","652","186","207"
"4064","652","186","206"
"4065","650","183","210"
"4066","650","183","216"
"4067","649","183","217"
"4068","651","184","204"
"4069","651","185","209"
"4070","652","184","215"
"4071","652","184","213"
"4072","651","184","206"
"4073","651","183","209"
"4074","652","184","215"
"4075","651","184","209"
"4076","652","184","212"
"4077","652","184","205"
"4078","652","184","208"
"4079","654","187","214"
"4080","653","187","209"
"4081","651","184","217"
"4082","649","184","198"
"4083","647","185","206"
"4084","862","186","383"
"4085","651","184","204"
"4086","652","184","206"
"4087","862","186","383"
"4088","863","187","383"
"4089","652","186","220"
"4090","651","184","219"
"4091","650","186","212"
"4092","862","187","383"
"4093","862","185","383"
"4094","654","186","209"
"4095","655","185","212"
"4096","638","176","205"
"4097","654","186","204"
"4098","650","186","210"
"4099","591","138","195"
"4100","587","137","200"
"4101","583","138","203"
"4102","590","138","194"
"4103","586","138","190"
"4104","858","137","383"
"4105","858","138","383"
"4106","588","138","201"
"4107","858","138","383"
"4108","858","139","383"
"4109","858","138","383"
"4110","587","1023","279"
"4111","584","1023","279"
"4112","579","1023","278"
"4113","599","142","184"
"4114","588","1023","279"
"4115","591","1023","279"
"4116","592","1023","279"
"4117","588","138","200"
"4118","584","1023","279"
"4119","587","135","200"
"4120","583","132","198"
"4121","591","1023","279"
"4122","591","1023","279"
"4123","591","1023","279"
"4124","591","1023","279"
"4125","591","1023","279"
"4126","591","1023","279"
"4127","591","1023","279"
"4128","591","1023","279"
"4129","592","1023","279"
"4130","591","1023","279"
"4131","591","1023","279"
"4132","591","1023","279"
"4133","591","1023","279"
"4134","592","1023","281"
"4135","590","1023","279"
"4136","591","1023","279"
"4137","591","1023","279"
"4138","588","1023","279"
"4139","587","1023","279"
"4140","591","1023","279"
"4141","589","1023","279"
"4142","585","1023","279"
"4143","585","1023","280"
"4144","591","1023","279"
"4145","585","1023","279"
"4146","591","1023","279"
"4147","585","1023","279"
"4148","591","1023","279"
"4149","858","1023","383"
"4150","858","1023","383"
"4151","587","1023","279"
"4152","586","1023","279"
"4153","858","1023","383"
"4154","589","1023","279"
"4155","858","1023","383"
"4156","858","1023","383"
"4157","858","1023","383"
"4158","588","1023","279"
"4159","858","1023","383"
"4160","858","1023","383"
"4161","857","1023","383"
"4162","858","1023","383"
"4163","858","1023","383"
"4164","857","1023","383"
"4165","857","1023","383"
"4166","857","1023","383"
"4167","858","1023","383"
"4168","858","1023","383"
"4169","858","1023","383"
"4170","858","1023","383"
"4171","857","1023","382"
"4172","585","1023","278"
"4173","586","1023","278"
"4174","585","1023","278"
"4175","585","1023","278"
"4176","585","1023","278"
"4177","857","1023","382"
"4178","586","1023","278"
"4179","586","1023","278"
"4180","585","1023","279"
"4181","858","1023","383"
"4182","858","1023","383"
"4183","858","1023","383"
"4184","857","1023","383"
"4185","584","1023","278"
"4186","857","1023","383"
"4187","858","1023","383"
"4188","858","1023","383"
"4189","858","1023","383"
"4190","858","1023","383"
"4191","582","1023","279"
"4192","584","1023","279"
"4193","583","1023","279"
"4194","857","1023","383"
"4195","585","1023","278"
"4196","584","1023","278"
"4197","858","1023","383"
"4198","858","1023","383"
"4199","858","1023","383"
"4200","858","1023","383"
"4201","857","1023","383"
"4202","858","1023","383"
"4203","585","1023","279"
"4204","587","1023","278"
"4205","857","1023","383"
"4206","858","1023","383"
"4207","586","1023","279"
"4208","858","1023","383"
"4209","857","1023","383"
"4210","586","1023","278"
"4211","586","1023","279"
"4212","586","1023","278"
"4213","585","1023","279"
"4214","587","1023","278"
"4215","858","1023","383"
"4216","858","1023","383"
"4217","857","1023","383"
"4218","587","1023","279"
"4219","586","1023","279"
"4220","586","1023","279"
"4221","587","1023","279"
"4222","586","1023","279"
"4223","586","1023","279"
"4224","586","1023","279"
"4225","587","1023","279"
"4226","587","1023","278"
"4227","587","1023","279"
"4228","858","1023","383"
"4229","586","1023","279"
"4230","858","1023","383"
"4231","585","1023","279"
"4232","858","1023","383"
"4233","586","1023","279"
"4234","858","1023","383"
"4235","858","1023","383"
"4236","857","1023","383"
"4237","586","1023","279"
"4238","857","1023","383"
"4239","586","1023","279"
"4240","858","1023","383"
"4241","857","1023","383"
"4242","857","1023","383"
"4243","857","1023","383"
"4244","857","1023","383"
"4245","857","1023","383"
"4246","857","1023","383"
"4247","857","1023","383"
"4248","857","1023","382"
"4249","587","1023","278"
"4250","857","1023","383"
"4251","857","1023","383"
"4252","857","1023","383"
"4253","857","1023","383"
"4254","857","1023","383"
"4255","586","1023","278"
"4256","585","1023","278"
"4257","586","1023","278"
"4258","585","1023","278"
"4259","586","1023","278"
"4260","858","1023","383"
"4261","858","1023","383"
"4262","858","1023","383"
"4263","586","1023","278"
"4264","857","1023","383"
"4265","857","1023","383"
"4266","857","1023","383"
"4267","585","1023","278"
"4268","857","1023","383"
"4269","590","1023","278"
"4270","591","1023","278"
"4271","857","1023","383"
"4272","590","1023","278"
"4273","857","1023","383"
"4274","857","1023","383"
"4275","590","1023","279"
"4276","590","1023","279"
"4277","590","1023","279"
"4278","590","1023","279"
"4279","591","1023","278"
"4280","588","1023","278"
"4281","590","1023","279"
"4282","590","1023","279"
"4283","590","1023","279"
"4284","591","1023","279"
"4285","591","1023","279"
"4286","591","1023","279"
"4287","590","1023","279"
"4288","590","1023","279"
"4289","591","1023","279"
"4290","590","1023","279"
"4291","591","1023","279"
"4292","590","1023","279"
"4293","591","1023","279"
"4294","590","1023","279"
"4295","591","1023","279"
"4296","591","1023","279"
"4297","590","1023","279"
"4298","591","1023","279"
"4299","591","1023","279"
"4300","591","1023","279"
"4301","591","1023","279"
"4302","591","1023","279"
"4303","587","1023","279"
"4304","587","1023","279"
"4305","591","1023","279"
"4306","591","1023","279"
"4307","589","1023","279"
"4308","858","1023","383"
"4309","587","1023","279"
"4310","858","1023","383"
"4311","591","1023","279"
"4312","858","1023","383"
"4313","858","1023","383"
"4314","858","1023","383"
"4315","858","1023","383"
"4316","590","1023","279"
"4317","591","1023","279"
"4318","586","1023","278"
"4319","587","1023","278"
"4320","586","1023","279"
"4321","588","1023","279"
"4322","587","1023","279"
"4323","587","1023","278"
"4324","607","1023","278"
"4325","586","1023","279"
"4326","587","1023","279"
"4327","586","1023","279"
"4328","587","1023","279"
"4329","586","1023","279"
"4330","586","1023","279"
"4331","586","1023","279"
"4332","587","1023","279"
"4333","586","1023","279"
"4334","586","1023","279"
"4335","587","1023","279"
"4336","586","1023","281"
"4337","587","1023","279"
"4338","587","1023","279"
"4339","587","1023","279"
"4340","858","1023","383"
"4341","858","1023","383"
"4342","858","1023","383"
"4343","858","1023","383"
"4344","858","1023","383"
"4345","858","1023","383"
"4346","857","1023","383"
"4347","857","1023","383"
"4348","857","1023","383"
"4349","857","1023","383"
"4350","858","1023","383"
"4351","857","1023","383"
"4352","857","1023","383"
"4353","857","1023","383"
"4354","590","1023","278"
"4355","858","1023","383"
"4356","858","1023","383"
"4357","586","1023","279"
"4358","857","1023","383"
"4359","586","1023","278"
"4360","586","1023","279"
"4361","586","1023","279"
"4362","858","1023","383"
"4363","858","1023","383"
"4364","857","1023","383"
"4365","858","1023","383"
"4366","857","1023","383"
"4367","595","1023","278"
"4368","586","1023","279"
"4369","585","1023","278"
"4370","587","1023","279"
"4371","587","1023","279"
"4372","586","1023","279"
"4373","586","1023","279"
"4374","586","1023","279"
"4375","858","1023","383"
"4376","857","1023","383"
"4377","587","1023","279"
"4378","858","1023","383"
"4379","858","1023","383"
"4380","857","1023","383"
"4381","857","1023","383"
"4382","585","1023","278"
"4383","586","1023","278"
"4384","857","1023","383"
"4385","590","1023","279"
"4386","591","1023","279"
"4387","590","1023","279"
"4388","590","1023","279"
"4389","858","1023","383"
"4390","591","1023","279"
"4391","590","1023","279"
"4392","590","1023","279"
"4393","590","1023","279"
"4394","591","1023","279"
"4395","590","1023","279"
"4396","590","1023","279"
"4397","590","1023","279"
"4398","590","1023","279"
"4399","590","1023","279"
"4400","590","1023","279"
"4401","590","1023","279"
"4402","590","1023","279"
"4403","591","1023","279"
"4404","591","1023","279"
"4405","592","1023","279"
"4406","590","1023","279"
"4407","591","1023","279"
"4408","591","1023","279"
"4409","591","1023","279"
"4410","592","1023","279"
"4411","592","1023","279"
"4412","591","1023","279"
"4413","592","1023","279"
"4414","591","1023","279"
"4415","591","1023","279"
"4416","591","1023","279"
"4417","591","1023","279"
"4418","591","1023","279"
"4419","592","1023","279"
"4420","590","1023","279"
"4421","591","1023","279"
"4422","591","1023","279"
"4423","591","1023","279"
"4424","591","1023","279"
"4425","591","1023","279"
"4426","590","1023","279"
"4427","592","1023","279"
"4428","589","1023","279"
"4429","593","1023","279"
"4430","828","1023","383"
"4431","588","1023","279"
"4432","858","1023","383"
"4433","858","1023","383"
"4434","595","1023","278"
"4435","591","1023","279"
"4436","858","1023","383"
"4437","590","1023","278"
"4438","588","1023","279"
"4439","590","1023","279"
"4440","591","1023","279"
"4441","591","1023","279"
"4442","591","1023","279"
"4443","591","1023","279"
"4444","591","1023","279"
"4445","592","1023","279"
"4446","592","1023","279"
"4447","591","1023","279"
"4448","591","1023","279"
"4449","592","1023","279"
"4450","591","1023","279"
"4451","592","1023","279"
"4452","591","1023","279"
"4453","591","1023","279"
"4454","592","1023","279"
"4455","591","1023","279"
"4456","591","1023","279"
"4457","591","1023","279"
"4458","594","1023","279"
"4459","595","1023","279"
"4460","597","1023","279"
"4461","596","1023","279"
"4462","594","1023","279"
"4463","594","1023","279"
"4464","593","1023","280"
"4465","599","1023","279"
"4466","594","1023","279"
"4467","594","1023","279"
"4468","595","1023","278"
"4469","594","1023","279"
"4470","595","1023","279"
"4471","593","1023","279"
"4472","858","1023","383"
"4473","858","1023","383"
"4474","600","1023","279"
"4475","858","1023","383"
"4476","859","1023","383"
"4477","601","1023","278"
"4478","600","1023","278"
"4479","601","1023","280"
"4480","603","1023","279"
"4481","603","1023","279"
"4482","859","1023","383"
"4483","859","1023","383"
"4484","859","1023","383"
"4485","622","1023","278"
"4486","610","1023","278"
"4487","618","1023","279"
"4488","859","1023","383"
"4489","860","1023","383"
"4490","615","1023","278"
"4491","610","1023","279"
"4492","861","1023","383"
"4493","860","1023","383"
"4494","672","1023","277"
"4495","644","1023","278"
"4496","860","1023","383"
"4497","652","1023","278"
"4498","662","1023","279"
"4499","865","1023","383"
"4500","867","1023","383"
"4501","649","1023","279"
"4502","868","1023","383"
"4503","866","1023","383"
"4504","718","1023","279"
"4505","741","1023","279"
"4506","728","1023","279"
"4507","873","1023","383"
"4508","873","1023","383"
"4509","874","1023","383"
"4510","773","1023","278"
"4511","778","1023","279"
"4512","790","1023","280"
"4513","814","1023","279"
"4514","802","1023","281"
"4515","874","1023","383"
"4516","882","1023","383"
"4517","883","1023","383"
"4518","884","1023","383"
"4519","884","1023","383"
"4520","772","1023","278"
"4521","882","1023","383"
"4522","808","1023","279"
"4523","779","1023","279"
"4524","794","1023","279"
"4525","792","1023","278"
"4526","798","1023","279"
"4527","759","1023","278"
"4528","687","1023","279"
"4529","874","1023","383"
"4530","876","1023","383"
"4531","875","1023","383"
"4532","873","1023","383"
"4533","869","1023","383"
"4534","869","1023","383"
"4535","871","1023","383"
"4536","869","1023","383"
"4537","698","1023","278"
"4538","715","1023","278"
"4539","696","1023","281"
"4540","628","1023","279"
"4541","588","1023","278"
"4542","543","1023","278"
"4543","524","1023","278"
"4544","530","1023","279"
"4545","525","1023","279"
"4546","524","1023","279"
"4547","617","1023","279"
"4548","519","1023","279"
"4549","513","1023","279"
"4550","510","1023","279"
"4551","522","1023","278"
"4552","532","1023","279"
"4553","514","1023","278"
"4554","514","1023","279"
"4555","605","1023","279"
"4556","615","1023","279"
"4557","609","1023","279"
"4558","595","1023","278"
"4559","605","1023","279"
"4560","845","1023","383"
"4561","844","1023","383"
"4562","844","1023","383"
"4563","844","1023","383"
"4564","844","1023","383"
"4565","844","1023","383"
"4566","844","1023","383"
"4567","606","1023","278"
"4568","603","1023","278"
"4569","599","1023","279"
"4570","595","1023","279"
"4571","842","1023","383"
"4572","843","1023","383"
"4573","842","1023","383"
"4574","842","1023","383"
"4575","842","1023","383"
"4576","842","1023","383"
"4577","594","1023","277"
"4578","594","1023","277"
"4579","594","1023","278"
"4580","594","1023","279"
"4581","596","1023","278"
"4582","601","1023","278"
"4583","604","1023","278"
"4584","812","1023","383"
"4585","843","1023","383"
"4586","844","1023","383"
"4587","639","1023","278"
"4588","656","1023","278"
"4589","663","1023","278"
"4590","653","1023","278"
"4591","853","1023","383"
"4592","854","1023","383"
"4593","855","1023","383"
"4594","728","1023","278"
"4595","759","1023","278"
"4596","762","1023","279"
"4597","770","1023","278"
"4598","862","1023","383"
"4599","865","1023","383"
"4600","864","1023","383"
"4601","866","1023","383"
"4602","865","1023","383"
"4603","864","1023","383"
"4604","766","1023","278"
"4605","777","1023","277"
"4606","755","1023","278"
"4607","723","1023","279"
"4608","701","1023","279"
"4609","852","1023","383"
"4610","852","1023","383"
"4611","852","1023","383"
"4612","851","1023","383"
"4613","849","1023","383"
"4614","849","1023","383"
"4615","681","1023","278"
"4616","685","1023","278"
"4617","705","1023","279"
"4618","707","1023","278"
"4619","710","1023","278"
"4620","853","1023","383"
"4621","853","1023","383"
"4622","853","1023","383"
"4623","853","1023","383"
"4624","854","1023","383"
"4625","854","1023","383"
"4626","854","1023","383"
"4627","854","1023","383"
"4628","855","1023","382"
"4629","689","1023","278"
"4630","655","1023","278"
"4631","595","1023","278"
"4632","590","1023","278"
"4633","589","1023","278"
"4634","590","1023","279"
"4635","591","1023","278"
"4636","592","1023","278"
"4637","593","1023","279"
"4638","593","1023","278"
"4639","595","1023","278"
"4640","595","1023","278"
"4641","595","1023","278"
"4642","596","1023","278"
"4643","596","1023","279"
"4644","595","1023","279"
"4645","593","1023","279"
"4646","593","1023","278"
"4647","593","1023","279"
"4648","593","1023","279"
"4649","594","1023","278"
"4650","593","1023","278"
"4651","593","1023","279"
"4652","594","1023","279"
"4653","594","1023","278"
"4654","594","1023","279"
"4655","595","1023","279"
"4656","586","1023","278"
"4657","582","1023","281"
"4658","583","1023","279"
"4659","586","1023","279"
"4660","586","1023","279"
"4661","588","1023","279"
"4662","601","1023","278"
"4663","667","1023","279"
"4664","690","1023","279"
"4665","692","1023","281"
"4666","692","1023","279"
"4667","694","1023","279"
"4668","852","1023","383"
"4669","852","1023","383"
"4670","852","1023","383"
"4671","852","1023","383"
"4672","851","1023","383"
"4673","698","1023","278"
"4674","676","1023","278"
"4675","578","1023","279"
"4676","612","1023","279"
"4677","613","1023","278"
"4678","640","1023","279"
"4679","641","1023","279"
"4680","648","1023","279"
"4681","845","1023","383"
"4682","844","1023","383"
"4683","844","1023","383"
"4684","844","1023","383"
"4685","844","1023","383"
"4686","845","1023","383"
"4687","845","1023","383"
"4688","845","1023","383"
"4689","658","1023","278"
"4690","655","1023","278"
"4691","640","1023","278"
"4692","614","1023","278"
"4693","506","1023","278"
"4694","590","1023","279"
"4695","580","1023","278"
"4696","568","1023","278"
"4697","575","1023","278"
"4698","574","1023","278"
"4699","570","1023","278"
"4700","567","1023","279"
"4701","574","1023","278"
"4702","547","1023","279"
"4703","579","1023","279"
"4704","580","1023","278"
"4705","578","1023","278"
"4706","573","1023","279"
"4707","573","1023","279"
"4708","574","1023","279"
"4709","574","1023","279"
"4710","607","1023","279"
"4711","575","1023","278"
"4712","521","1023","279"
"4713","484","1023","279"
"4714","413","1023","278"
"4715","531","1023","279"
"4716","425","1023","279"
"4717","406","1023","278"
"4718","402","1023","278"
"4719","386","1023","278"
"4720","374","1023","279"
"4721","372","1023","279"
"4722","372","1023","278"
"4723","370","1023","278"
"4724","371","1023","278"
"4725","372","1023","279"
"4726","369","1023","278"
"4727","371","1023","279"
"4728","370","64","155"
"4729","368","64","154"
"4730","370","73","159"
"4731","367","72","168"
"4732","370","66","165"
"4733","369","58","167"
"4734","365","54","159"
"4735","373","58","166"
"4736","367","58","162"
"4737","379","62","168"
"4738","413","89","176"
"4739","517","102","172"
"4740","549","115","191"
"4741","569","125","191"
"4742","570","125","176"
"4743","579","135","192"
"4744","584","139","176"
"4745","583","139","172"
"4746","582","139","160"
"4747","837","152","383"
"4748","837","161","383"
"4749","838","159","383"
"4750","839","177","383"
"4751","840","184","383"
"4752","841","190","382"
"4753","841","192","382"
"4754","842","194","382"
"4755","841","191","382"
"4756","640","191","220"
"4757","638","190","219"
"4758","640","190","220"
"4759","642","192","221"
"4760","643","193","220"
"4761","644","194","220"
"4762","647","194","221"
"4763","649","194","213"
"4764","650","194","206"
"4765","652","194","223"
"4766","652","194","218"
"4767","652","193","221"
"4768","651","194","222"
"4769","650","194","220"
"4770","649","194","222"
"4771","649","194","223"
"4772","647","193","205"
"4773","642","191","215"
"4774","643","191","204"
"4775","843","192","383"
"4776","843","193","383"
"4777","580","137","190"
"4778","580","137","192"
"4779","580","137","204"
"4780","581","138","205"
"4781","580","137","206"
"4782","580","136","199"
"4783","579","136","206"
"4784","580","137","204"
"4785","580","137","204"
"4786","580","137","204"
"4787","579","137","187"
"4788","579","136","206"
"4789","579","136","194"
"4790","579","136","207"
"4791","579","136","207"
"4792","580","137","205"
"4793","579","136","204"
"4794","579","136","201"
"4795","580","137","194"
"4796","580","137","192"
"4797","579","136","200"
"4798","579","136","203"
"4799","579","136","196"
"4800","579","136","192"
"4801","580","136","205"
"4802","580","137","192"
"4803","579","136","205"
"4804","579","136","197"
"4805","580","136","197"
"4806","580","137","193"
"4807","579","136","198"
"4808","579","136","203"
"4809","579","136","198"
"4810","579","136","197"
"4811","579","136","202"
"4812","579","136","204"
"4813","579","136","203"
"4814","579","136","205"
"4815","579","136","193"
"4816","579","136","205"
"4817","579","137","204"
"4818","579","136","194"
"4819","579","136","201"
"4820","579","136","203"
"4821","580","136","202"
"4822","580","136","201"
"4823","579","136","198"
"4824","580","137","194"
"4825","579","136","200"
"4826","579","136","205"
"4827","579","136","203"
"4828","579","136","197"
"4829","579","136","203"
"4830","579","136","205"
"4831","580","137","206"
"4832","579","136","194"
"4833","579","136","192"
"4834","579","136","205"
"4835","580","137","203"
"4836","580","137","205"
"4837","580","137","203"
"4838","579","136","193"
"4839","580","137","194"
"4840","580","136","203"
"4841","580","137","204"
"4842","579","136","198"
"4843","579","136","193"
"4844","579","136","202"
"4845","579","136","203"
"4846","579","137","204"
"4847","580","137","205"
"4848","580","137","205"
"4849","580","137","194"
"4850","580","136","203"
"4851","579","136","203"
"4852","579","136","194"
"4853","579","136","195"
"4854","580","136","199"
"4855","580","137","205"
"4856","579","136","197"
"4857","579","136","193"
"4858","579","136","197"
"4859","579","136","197"
"4860","580","137","192"
"4861","580","137","196"
"4862","580","137","205"
"4863","579","136","192"
"4864","579","137","192"
"4865","579","136","203"
"4866","579","136","205"
"4867","580","137","205"
"4868","579","136","198"
"4869","580","137","194"
"4870","579","136","203"
"4871","579","136","205"
"4872","579","136","198"
"4873","579","136","194"
"4874","579","136","205"
"4875","579","136","205"
"4876","579","136","198"
"4877","580","137","195"
"4878","579","136","203"
"4879","579","136","194"
"4880","580","136","196"
"4881","579","136","204"
"4882","580","138","205"
"4883","579","136","197"
"4884","579","136","205"
"4885","579","136","198"
"4886","580","136","196"
"4887","579","136","203"
"4888","580","137","195"
"4889","579","136","201"
"4890","580","137","204"
"4891","580","137","204"
"4892","579","136","198"
"4893","579","136","197"
"4894","579","136","197"
"4895","579","136","195"
"4896","579","136","197"
"4897","579","136","194"
"4898","580","136","199"
"4899","580","136","194"
"4900","580","137","188"
"4901","564","131","201"
"4902","576","136","202"
"4903","568","131","162"
"4904","573","133","185"
"4905","832","133","395"
"4906","832","134","395"
"4907","827","96","395"
"4908","832","125","395"
"4909","832","122","395"
"4910","832","122","395"
"4911","832","122","395"
"4912","832","124","395"
"4913","832","123","395"
"4914","580","135","174"
"4915","580","135","206"
"4916","579","134","158"
"4917","579","134","206"
"4918","580","135","204"
"4919","580","135","203"
"4920","579","134","179"
"4921","580","135","162"
"4922","579","134","152"
"4923","580","134","175"
"4924","832","134","395"
"4925","833","134","395"
"4926","832","129","395"
"4927","832","132","395"
"4928","833","139","395"
"4929","615","154","212"
"4930","641","172","211"
"4931","650","185","186"
"4932","655","187","181"
"4933","660","188","177"
"4934","841","189","395"
"4935","841","189","395"
"4936","841","190","395"
"4937","844","201","395"
"4938","847","218","395"
"4939","847","217","395"
"4940","848","222","395"
"4941","847","225","395"
"4942","842","230","395"
"4943","843","245","394"
"4944","843","245","395"
"4945","674","245","249"
"4946","679","245","223"
"4947","695","241","242"
"4948","706","252","223"
"4949","705","250","238"
"4950","718","258","243"
"4951","725","265","257"
"4952","720","246","247"
"4953","733","279","243"
"4954","733","280","244"
"4955","734","281","261"
"4956","853","279","395"
"4957","853","279","395"
"4958","853","279","395"
"4959","853","279","395"
"4960","854","280","395"
"4961","853","281","395"
"4962","735","283","239"
"4963","735","278","240"
"4964","737","280","257"
"4965","735","282","261"
"4966","736","281","261"
"4967","735","282","258"
"4968","851","280","395"
"4969","854","280","395"
"4970","854","281","395"
"4971","854","279","395"
"4972","853","279","395"
"4973","852","276","394"
"4974","851","269","394"
"4975","706","233","244"
"4976","669","199","231"
"4977","679","227","237"
"4978","704","254","231"
"4979","779","310","265"
"4980","777","308","263"
"4981","775","310","269"
"4982","775","310","264"
"4983","774","309","262"
"4984","774","308","269"
"4985","774","308","268"
"4986","774","308","268"
"4987","773","307","265"
"4988","773","308","264"
"4989","773","308","264"
"4990","758","306","268"
"4991","736","295","264"
"4992","725","289","262"
"4993","726","288","247"
"4994","730","287","263"
"4995","750","300","266"
"4996","744","281","253"
"4997","854","264","395"
"4998","854","258","395"
"4999","854","263","394"
"5000","854","264","395"
"5001","854","264","394"
"5002","854","265","394"
"5003","854","264","395"
"5004","854","263","395"
"5005","738","261","242"
"5006","757","274","252"
"5007","785","297","259"
"5008","779","295","265"
"5009","778","294","257"
"5010","779","294","264"
"5011","752","293","265"
"5012","744","294","263"
"5013","741","294","265"
"5014","735","295","261"
"5015","735","290","255"
"5016","722","268","249"
"5017","852","252","395"
"5018","851","243","395"
"5019","849","233","394"
"5020","848","229","394"
"5021","847","224","394"
"5022","696","221","210"
"5023","681","214","229"
"5024","675","209","214"
"5025","668","199","204"
"5026","663","196","230"
"5027","842","197","395"
"5028","840","187","394"
"5029","836","168","394"
"5030","836","163","394"
"5031","836","164","394"
"5032","836","163","394"
"5033","836","162","394"
"5034","836","163","394"
"5035","620","161","217"
"5036","618","159","200"
"5037","597","157","191"
"5038","827","130","395"
"5039","827","116","394"
"5040","826","107","394"
"5041","825","100","394"
"5042","825","100","394"
"5043","494","99","169"
"5044","494","100","169"
"5045","496","103","162"
"5046","495","101","197"
"5047","826","103","394"
"5048","827","112","394"
"5049","829","135","394"
"5050","830","151","394"
"5051","833","170","394"
"5052","839","190","394"
"5053","840","191","394"
"5054","843","192","394"
"5055","843","193","394"
"5056","677","192","189"
"5057","676","193","221"
"5058","688","202","204"
"5059","729","246","224"
"5060","752","279","239"
"5061","749","276","252"
"5062","757","273","258"
"5063","857","263","394"
"5064","852","241","394"
"5065","853","243","394"
"5066","851","232","394"
"5067","843","199","394"
"5068","842","187","394"
"5069","838","166","394"
"5070","837","162","394"
"5071","836","159","394"
"5072","632","163","203"
"5073","636","164","193"
"5074","630","160","192"
"5075","640","166","197"
"5076","645","167","186"
"5077","643","166","217"
"5078","414","74","143"
"5079","422","81","151"
"5080","417","79","157"
"5081","432","84","156"
"5082","437","84","163"
"5083","436","84","171"
"5084","413","79","173"
"5085","407","81","148"
"5086","406","82","182"
"5087","821","83","394"
"5088","822","84","394"
"5089","473","106","195"
"5090","486","114","163"
"5091","477","111","194"
"5092","474","110","161"
"5093","476","111","164"
"5094","827","124","395"
"5095","827","128","395"
"5096","827","130","395"
"5097","828","134","395"
"5098","827","125","395"
"5099","532","124","198"
"5100","539","135","183"
"5101","569","147","207"
"5102","609","162","190"
"5103","654","178","221"
"5104","662","183","203"
"5105","841","183","395"
"5106","842","187","395"
"5107","843","188","395"
"5108","844","197","395"
"5109","847","201","396"
"5110","846","199","396"
"5111","847","199","396"
"5112","697","198","231"
"5113","693","199","227"
"5114","661","178","190"
"5115","646","175","220"
"5116","595","156","192"
"5117","601","158","212"
"5118","835","161","395"
"5119","835","160","395"
"5120","836","163","395"
"5121","836","164","395"
"5122","837","165","395"
"5123","838","167","395"
"5124","646","166","215"
"5125","642","166","204"
"5126","640","165","209"
"5127","636","164","199"
"5128","621","164","213"
"5129","601","158","213"
"5130","596","156","196"
"5131","597","156","201"
"5132","595","156","218"
"5133","593","155","207"
"5134","596","156","213"
"5135","594","154","205"
"5136","414","1023","286"
"5137","408","1023","287"
"5138","421","1023","287"
"5139","436","1023","286"
"5140","436","1023","287"
"5141","436","1023","286"
"5142","436","1023","287"
"5143","437","1023","287"
"5144","436","1023","286"
"5145","437","1023","287"
"5146","437","1023","287"
"5147","438","1023","287"
"5148","437","1023","287"
"5149","438","1023","287"
"5150","437","1023","286"
"5151","436","1023","287"
"5152","439","1023","287"
"5153","438","1023","287"
"5154","438","1023","287"
"5155","436","1023","287"
"5156","436","1023","287"
"5157","438","1023","287"
"5158","437","1023","287"
"5159","436","1023","287"
"5160","438","1023","287"
"5161","437","1023","287"
"5162","436","1023","287"
"5163","439","1023","287"
"5164","437","1023","287"
"5165","439","1023","287"
"5166","436","1023","287"
"5167","438","1023","287"
"5168","437","1023","287"
"5169","436","1023","287"
"5170","439","1023","287"
"5171","435","1023","287"
"5172","438","1023","287"
"5173","438","1023","287"
"5174","434","1023","287"
"5175","433","1023","287"
"5176","432","1023","287"
"5177","433","1023","287"
"5178","436","1023","287"
"5179","434","1023","287"
"5180","437","1023","287"
"5181","435","1023","287"
"5182","435","1023","287"
"5183","435","1023","287"
"5184","434","1023","287"
"5185","436","1023","287"
"5186","433","1023","287"
"5187","411","1023","287"
"5188","411","1023","287"
"5189","401","1023","287"
"5190","390","1023","287"
"5191","378","1023","287"
"5192","380","1023","287"
"5193","355","1023","287"
"5194","357","1023","287"
"5195","348","1023","287"
"5196","345","1023","287"
"5197","350","1023","287"
"5198","349","1023","287"
"5199","352","1023","288"
"5200","350","1023","287"
"5201","355","1023","287"
"5202","351","1023","287"
"5203","353","1023","287"
"5204","355","1023","287"
"5205","354","1023","287"
"5206","350","1023","287"
"5207","351","1023","287"
"5208","352","1023","287"
"5209","352","1023","287"
"5210","352","1023","287"
"5211","353","58","156"
"5212","355","58","172"
"5213","353","57","158"
"5214","355","58","173"
"5215","360","59","137"
"5216","357","61","168"
"5217","364","56","142"
"5218","391","76","180"
"5219","432","85","154"
"5220","436","85","185"
"5221","437","86","154"
"5222","437","86","186"
"5223","435","84","164"
"5224","436","85","170"
"5225","437","86","186"
"5226","435","84","159"
"5227","435","85","183"
"5228","435","85","179"
"5229","435","85","172"
"5230","436","86","155"
"5231","434","85","163"
"5232","435","85","180"
"5233","435","85","172"
"5234","437","86","188"
"5235","435","85","174"
"5236","436","85","175"
"5237","433","84","167"
"5238","430","81","184"
"5239","425","81","140"
"5240","822","80","395"
"5241","823","80","395"
"5242","823","82","395"
"5243","823","81","394"
"5244","823","80","394"
"5245","822","81","394"
"5246","822","81","394"
"5247","824","99","394"
"5248","826","128","394"
"5249","844","209","394"
"5250","858","319","394"
"5251","859","378","394"
"5252","858","382","395"
"5253","855","388","394"
"5254","858","410","395"
"5255","858","397","394"
"5256","862","442","394"
"5257","874","648","395"
"5258","876","682","395"
"5259","876","715","395"
"5260","872","719","395"
"5261","866","752","395"
"5262","873","754","395"
"5263","814","740","287"
"5264","814","740","287"
"5265","814","740","287"
"5266","816","742","287"
"5267","815","747","287"
"5268","816","747","287"
"5269","817","751","287"
"5270","817","746","287"
"5271","817","746","287"
"5272","818","749","287"
"5273","818","749","287"
"5274","818","750","287"
"5275","818","746","287"
"5276","819","733","288"
"5277","819","698","288"
"5278","811","635","287"
"5279","804","397","282"
"5280","660","152","210"
"5281","629","135","181"
"5282","619","131","197"
"5283","836","133","395"
"5284","836","133","394"
"5285","836","134","394"
"5286","836","135","394"
"5287","836","134","394"
"5288","836","135","394"
"5289","836","136","394"
"5290","837","136","394"
"5291","836","136","394"
"5292","632","136","176"
"5293","622","135","204"
"5294","620","134","182"
"5295","617","133","178"
"5296","537","104","192"
"5297","481","88","157"
"5298","450","81","183"
"5299","448","79","152"
"5300","445","79","173"
"5301","820","79","394"
"5302","823","80","394"
"5303","823","79","394"
"5304","823","79","394"
"5305","823","79","393"
"5306","823","79","393"
"5307","823","79","394"
"5308","822","80","393"
"5309","442","80","158"
"5310","454","82","155"
"5311","455","82","186"
"5312","453","80","150"
"5313","453","80","150"
"5314","455","81","184"
"5315","453","80","140"
"5316","455","81","186"
"5317","453","80","153"
"5318","824","81","394"
"5319","824","80","394"
"5320","823","82","394"
"5321","823","81","394"
"5322","823","81","394"
"5323","823","80","394"
"5324","823","81","393"
"5325","517","81","187"
"5326","455","82","161"
"5327","445","76","185"
"5328","434","78","152"
"5329","432","78","169"
"5330","434","71","182"
"5331","430","73","162"
"5332","434","81","184"
"5333","439","83","142"
"5334","823","82","394"
"5335","823","82","394"
"5336","822","82","394"
"5337","822","81","394"
"5338","822","81","394"
"5339","821","81","394"
"5340","821","81","393"
"5341","821","81","394"
"5342","822","81","394"
"5343","416","80","155"
"5344","415","80","179"
"5345","413","79","150"
"5346","414","79","152"
"5347","822","80","394"
"5348","822","79","394"
"5349","821","80","394"
"5350","821","76","394"
"5351","823","88","394"
"5352","823","89","394"
"5353","823","90","394"
"5354","502","88","188"
"5355","443","88","171"
"5356","443","88","162"
"5357","448","90","185"
"5358","448","85","147"
"5359","447","88","185"
"5360","823","84","394"
"5361","821","76","394"
"5362","821","78","394"
"5363","821","79","394"
"5364","822","82","394"
"5365","822","85","394"
"5366","451","90","186"
"5367","454","91","161"
"5368","435","70","180"
"5369","464","76","160"
"5370","477","94","192"
"5371","476","84","175"
"5372","488","101","172"
"5373","465","96","192"
"5374","440","80","152"
"5375","454","85","172"
"5376","460","97","173"
"5377","460","97","188"
"5378","459","95","190"
"5379","457","94","165"
"5380","457","94","185"
"5381","456","93","189"
"5382","454","92","166"
"5383","455","92","182"
"5384","455","92","185"
"5385","455","92","163"
"5386","454","91","170"
"5387","455","91","172"
"5388","454","91","185"
"5389","455","91","161"
"5390","454","92","190"
"5391","456","93","159"
"5392","454","91","167"
"5393","435","79","184"
"5394","435","80","152"
"5395","435","79","172"
"5396","435","79","184"
"5397","435","79","155"
"5398","437","81","184"
"5399","435","80","152"
"5400","437","80","184"
"5401","436","80","164"
"5402","436","79","174"
"5403","436","79","173"
"5404","438","81","186"
"5405","437","80","154"
"5406","436","80","185"
"5407","435","79","171"
"5408","436","79","178"
"5409","436","80","170"
"5410","436","79","176"
"5411","436","79","182"
"5412","436","80","159"
"5413","436","80","185"
"5414","435","79","171"
"5415","438","81","185"
"5416","436","80","160"
"5417","436","80","174"
"5418","438","81","186"
"5419","437","80","181"
"5420","436","79","168"
"5421","436","79","183"
"5422","436","79","171"
"5423","437","80","165"
"5424","436","80","176"
"5425","438","81","158"
"5426","436","80","175"
"5427","438","81","184"
"5428","437","80","185"
"5429","436","79","175"
"5430","437","80","179"
"5431","437","80","165"
"5432","437","81","161"
"5433","436","80","176"
"5434","436","80","174"
"5435","438","81","185"
"5436","436","79","185"
"5437","436","79","174"
"5438","437","80","165"
"5439","437","80","180"
"5440","436","80","163"
"5441","436","79","167"
"5442","439","81","185"
"5443","437","80","161"
"5444","436","80","185"
"5445","438","81","159"
"5446","438","81","185"
"5447","438","81","162"
"5448","436","79","165"
"5449","436","79","185"
"5450","436","80","177"
"5451","438","82","162"
"5452","436","80","184"
"5453","436","80","162"
"5454","436","80","185"
"5455","436","79","176"
"5456","439","81","186"
"5457","436","80","168"
"5458","436","80","185"
"5459","436","80","175"
"5460","438","81","161"
"5461","436","79","168"
"5462","435","79","185"
"5463","437","81","162"
"5464","438","81","184"
"5465","435","79","176"
"5466","437","80","160"
"5467","436","79","185"
"5468","438","81","161"
"5469","438","81","186"
"5470","436","79","173"
"5471","438","81","184"
"5472","437","80","154"
"5473","430","77","180"
"5474","436","79","175"
"5475","438","81","185"
"5476","436","79","177"
"5477","436","79","185"
"5478","436","79","157"
"5479","438","81","153"
"5480","438","81","184"
"5481","438","81","153"
"5482","376","56","157"
"5483","209","14","116"
"5484","204","14","137"
"5485","202","14","140"
"5486","202","14","106"
"5487","202","14","150"
"5488","201","14","124"
"5489","201","13","109"
"5490","201","13","110"
"5491","201","13","153"
"5492","201","14","104"
"5493","201","14","121"
"5494","152","8","119"
"5495","160","13","139"
"5496","166","12","71"
"5497","817","13","394"
"5498","818","13","394"
"5499","817","14","394"
"5500","817","15","394"
"5501","817","14","394"
"5502","817","14","394"
"5503","817","14","394"
"5504","817","14","394"
"5505","817","15","394"
"5506","817","14","394"
"5507","817","14","394"
"5508","817","14","394"
"5509","817","15","394"
"5510","202","13","108"
"5511","198","13","130"
"5512","197","13","133"
"5513","197","13","140"
"5514","133","8","140"
"5515","144","10","97"
"5516","146","10","106"
"5517","816","9","394"
"5518","816","7","395"
"5519","816","7","395"
"5520","816","6","395"
"5521","815","6","394"
"5522","816","6","394"
"5523","816","6","394"
"5524","815","6","394"
"5525","189","5","142"
"5526","140","8","145"
"5527","149","10","105"
"5528","149","10","143"
"5529","128","8","104"
"5530","91","8","137"
"5531","90","8","121"
"5532","87","8","81"
"5533","92","8","125"
"5534","87","8","128"
"5535","97","8","86"
"5536","109","8","128"
"5537","110","8","121"
"5538","121","9","126"
"5539","126","9","130"
"5540","126","5","96"
"5541","163","9","136"
"5542","838","11","395"
"5543","838","11","394"
"5544","838","11","394"
"5545","837","11","394"
"5546","838","11","394"
"5547","837","11","394"
"5548","837","11","394"
"5549","837","11","394"
"5550","837","11","394"
"5551","837","11","394"
"5552","837","11","394"
"5553","837","11","394"
"5554","220","17","142"
"5555","186","11","98"
"5556","404","93","175"
"5557","331","43","160"
"5558","312","35","146"
"5559","839","48","394"
"5560","840","51","394"
"5561","840","49","394"
"5562","569","46","142"
"5563","434","36","88"
"5564","452","36","156"
"5565","456","37","125"
"5566","843","37","394"
"5567","843","37","394"
"5568","843","37","394"
"5569","843","38","394"
"5570","466","37","140"
"5571","478","41","97"
"5572","428","61","142"
"5573","575","113","193"
"5574","570","107","118"
"5575","848","106","394"
"5576","848","103","394"
"5577","848","102","394"
"5578","848","102","394"
"5579","611","143","144"
"5580","580","154","206"
"5581","612","160","163"
"5582","510","162","216"
"5583","629","163","205"
"5584","627","162","194"
"5585","852","162","395"
"5586","852","161","394"
"5587","851","160","394"
"5588","850","162","394"
"5589","844","163","394"
"5590","676","162","179"
"5591","649","141","153"
"5592","646","135","203"
"5593","627","134","148"
"5594","852","133","394"
"5595","852","131","394"
"5596","852","131","394"
"5597","853","131","394"
"5598","624","125","180"
"5599","595","118","159"
"5600","581","95","185"
"5601","523","74","115"
"5602","519","73","111"
"5603","845","72","394"
"5604","845","71","394"
"5605","845","71","394"
"5606","844","71","394"
"5607","508","72","133"
"5608","558","117","199"
"5609","533","116","136"
"5610","846","114","394"
"5611","846","114","394"
"5612","846","114","394"
"5613","846","115","394"
"5614","655","119","158"
"5615","464","98","157"
"5616","407","84","181"
"5617","329","46","165"
"5618","325","41","171"
"5619","228","14","112"
"5620","225","14","146"
"5621","223","14","110"
"5622","234","14","136"
"5623","229","14","109"
"5624","222","14","127"
"5625","223","13","139"
"5626","224","13","121"
"5627","225","13","141"
"5628","246","16","111"
"5629","245","15","143"
"5630","232","14","124"
"5631","237","14","138"
"5632","248","15","140"
"5633","253","16","150"
"5634","222","14","121"
"5635","221","13","149"
"5636","221","14","109"
"5637","221","14","150"
"5638","221","14","103"
"5639","222","14","149"
"5640","222","13","118"
"5641","222","13","139"
"5642","221","13","115"
"5643","219","13","153"
"5644","218","13","110"
"5645","217","12","151"
"5646","838","13","394"
"5647","839","13","394"
"5648","838","13","394"
"5649","838","9","394"
"5650","389","8","89"
"5651","106","9","115"
"5652","98","9","141"
"5653","92","9","121"
"5654","111","8","86"
"5655","137","8","99"
"5656","826","9","394"
"5657","825","10","394"
"5658","826","10","394"
"5659","228","10","142"
"5660","151","8","101"
"5661","195","13","127"
"5662","201","14","152"
"5663","201","14","90"
"5664","200","13","119"
"5665","200","13","151"
"5666","199","14","103"
"5667","200","14","150"
"5668","199","14","103"
"5669","199","14","155"
"5670","199","14","114"
"5671","199","14","149"
"5672","200","14","117"
"5673","199","14","137"
"5674","340","53","154"
"5675","354","54","173"
"5676","354","54","165"
"5677","355","54","141"
"5678","354","54","160"
"5679","354","54","166"
"5680","356","55","135"
"5681","354","54","165"
"5682","355","54","152"
"5683","356","54","134"
"5684","355","55","173"
"5685","354","54","151"
"5686","354","54","156"
"5687","354","54","174"
"5688","354","54","142"
"5689","355","54","175"
"5690","353","53","161"
"5691","352","53","165"
"5692","351","53","131"
"5693","351","53","172"
"5694","347","51","129"
"5695","346","50","173"
"5696","351","52","168"
"5697","353","53","143"
"5698","352","53","147"
"5699","353","53","129"
"5700","351","53","175"
"5701","352","53","135"
"5702","347","50","145"
"5703","344","48","136"
"5704","343","48","130"
"5705","342","47","155"
"5706","343","48","131"
"5707","344","48","156"
"5708","347","50","170"
"5709","348","51","133"
"5710","346","51","175"
"5711","315","42","122"
"5712","828","43","395"
"5713","828","49","395"
"5714","828","48","394"
"5715","828","25","394"
"5716","827","41","394"
"5717","827","45","394"
"5718","827","44","394"
"5719","827","44","395"
"5720","827","41","394"
"5721","827","38","394"
"5722","827","41","394"
"5723","827","44","394"
"5724","828","45","394"
"5725","827","46","394"
"5726","828","46","394"
"5727","828","46","394"
"5728","344","26","125"
"5729","336","51","132"
"5730","313","53","128"
"5731","311","51","148"
"5732","327","52","155"
"5733","295","49","150"
"5734","310","51","166"
"5735","281","44","140"
"5736","322","53","167"
"5737","302","52","127"
"5738","296","49","160"
"5739","317","52","129"
"5740","317","52","169"
"5741","323","52","144"
"5742","325","53","160"
"5743","342","54","134"
"5744","342","53","163"
"5745","343","53","145"
"5746","345","54","173"
"5747","345","54","138"
"5748","345","54","173"
"5749","350","54","144"
"5750","351","54","174"
"5751","351","55","134"
"5752","350","54","158"
"5753","350","54","173"
"5754","346","53","135"
"5755","329","46","151"
"5756","300","46","168"
"5757","305","45","104"
"5758","828","46","395"
"5759","828","46","394"
"5760","828","47","394"
"5761","827","47","394"
"5762","828","47","394"
"5763","827","47","394"
"5764","827","47","394"
"5765","827","47","394"
"5766","827","47","394"
"5767","318","46","167"
"5768","321","46","160"
"5769","322","47","128"
"5770","320","46","155"
"5771","310","47","167"
"5772","305","46","126"
"5773","314","45","129"
"5774","308","46","103"
"5775","306","46","165"
"5776","302","45","152"
"5777","297","45","91"
"5778","296","45","131"
"5779","828","46","394"
"5780","827","46","394"
"5781","828","46","394"
"5782","828","46","394"
"5783","827","46","394"
"5784","827","42","394"
"5785","826","42","394"
"5786","826","40","394"
"5787","334","50","132"
"5788","350","54","160"
"5789","350","55","137"
"5790","349","54","147"
"5791","349","54","163"
"5792","350","54","169"
"5793","349","54","149"
"5794","349","54","154"
"5795","349","54","154"
"5796","350","54","172"
"5797","350","55","145"
"5798","349","54","173"
"5799","351","55","139"
"5800","351","55","141"
"5801","351","55","175"
"5802","350","55","145"
"5803","349","54","172"
"5804","350","54","145"
"5805","349","54","164"
"5806","349","54","170"
"5807","350","54","166"
"5808","350","54","171"
"5809","351","54","141"
"5810","349","54","160"
"5811","351","55","175"
"5812","349","54","166"
"5813","350","54","141"
"5814","349","54","164"
"5815","351","54","175"
"5816","351","54","137"
"5817","349","54","171"
"5818","349","54","161"
"5819","350","54","146"
"5820","350","54","168"
"5821","351","55","138"
"5822","349","53","159"
"5823","351","55","175"
"5824","351","54","141"
"5825","350","54","173"
"5826","350","54","141"
"5827","351","55","172"
"5828","349","53","160"
"5829","350","54","169"
"5830","351","55","175"
"5831","351","55","175"
"5832","350","55","142"
"5833","349","54","172"
"5834","349","54","145"
"5835","349","54","149"
"5836","351","54","172"
"5837","349","53","153"
"5838","351","55","176"
"5839","350","55","142"
"5840","350","54","173"
"5841","349","54","143"
"5842","349","53","169"
"5843","349","53","149"
"5844","349","54","162"
"5845","350","54","145"
"5846","350","54","174"
"5847","350","54","143"
"5848","350","54","152"
"5849","350","54","160"
"5850","349","54","157"
"5851","350","54","148"
"5852","350","54","167"
"5853","350","54","142"
"5854","350","54","167"
"5855","349","54","154"
"5856","350","54","141"
"5857","351","54","175"
"5858","350","54","173"
"5859","350","54","143"
"5860","349","54","160"
"5861","350","54","153"
"5862","349","53","153"
"5863","351","55","175"
"5864","349","54","143"
"5865","349","54","173"
"5866","350","54","143"
"5867","351","54","175"
"5868","350","54","171"
"5869","350","54","142"
"5870","351","55","174"
"5871","349","54","155"
"5872","351","54","172"
"5873","350","54","151"
"5874","350","54","168"
"5875","350","54","165"
"5876","350","54","158"
"5877","350","54","165"
"5878","350","54","143"
"5879","350","54","164"
"5880","351","55","174"
"5881","350","54","155"
"5882","350","53","162"
"5883","350","54","173"
"5884","350","53","158"
"5885","345","52","136"
"5886","334","49","172"
"5887","829","49","395"
"5888","828","48","395"
"5889","828","47","395"
"5890","828","44","394"
"5891","827","42","394"
"5892","826","34","394"
"5893","826","32","394"
"5894","826","29","394"
"5895","826","31","394"
"5896","826","30","394"
"5897","826","36","394"
"5898","281","41","168"
"5899","306","43","127"
"5900","305","44","167"
"5901","292","44","130"
"5902","291","44","166"
"5903","298","45","166"
"5904","311","49","138"
"5905","342","53","166"
"5906","349","54","135"
"5907","349","54","165"
"5908","349","54","145"
"5909","342","48","143"
"5910","335","48","172"
"5911","828","47","395"
"5912","829","48","394"
"5913","828","47","394"
"5914","828","48","394"
"5915","828","48","394"
"5916","828","47","394"
"5917","828","48","394"
"5918","828","48","394"
"5919","828","48","394"
"5920","827","48","394"
"5921","828","48","394"
"5922","631","47","167"
"5923","349","53","152"
"5924","349","54","169"
"5925","349","54","169"
"5926","348","53","153"
"5927","348","53","163"
"5928","349","54","141"
"5929","349","54","137"
"5930","348","53","161"
"5931","348","53","172"
"5932","348","53","155"
"5933","349","54","170"
"5934","348","53","152"
"5935","348","53","162"
"5936","349","53","148"
"5937","348","54","162"
"5938","348","53","161"
"5939","350","54","176"
"5940","348","53","149"
"5941","349","54","173"
"5942","348","53","156"
"5943","349","53","144"
"5944","350","54","174"
"5945","348","53","139"
"5946","349","53","149"
"5947","347","53","149"
