,LDR1,LDR2,button
3352,200,113,0
918,479,674,0
2669,278,281,0
3579,231,208,0
1412,573,690,0
1044,547,663,0
829,421,460,0
2677,297,333,0
3997,575,703,0
2921,510,450,0
3236,348,380,0
187,540,695,0
3652,227,196,0
3693,226,185,0
3420,203,114,0
3883,249,284,0
1404,573,689,0
4222,339,285,0
3776,232,168,0
4211,361,302,0
3381,204,117,0
1621,587,720,0
2206,131,176,0
1772,558,677,0
1513,619,765,0
1232,668,820,0
2859,87,322,0
3967,194,208,0
895,429,690,0
1380,572,689,0
3154,582,707,0
3950,247,266,0
262,417,656,0
3456,205,105,0
199,540,692,0
276,420,671,0
2176,272,240,0
4370,266,156,0
2530,548,662,0
828,431,491,0
3163,267,207,0
3932,248,268,0
337,567,698,0
769,386,527,0
1773,558,681,0
776,472,644,0
3665,202,161,0
3560,230,209,0
4376,271,188,0
2521,570,704,0
1552,389,642,0
3166,523,607,0
3193,329,370,0
3469,203,105,0
2920,511,462,0
2523,543,686,0
4338,272,207,0
4458,368,550,0
3302,186,107,0
770,571,699,0
3866,249,285,0
1712,561,677,0
1104,562,892,0
1286,549,690,0
3867,248,284,0
1136,537,657,0
3966,238,249,0
3450,203,104,0
4496,556,670,0
1414,570,686,0
1533,503,589,0
3616,225,198,0
904,418,658,0
4374,271,193,0
3149,494,497,0
147,542,695,0
3465,203,105,0
1548,463,638,0
3659,223,179,0
3298,199,160,0
905,308,610,0
4392,270,182,0
4057,502,628,0
4028,566,702,0
3787,228,239,0
972,547,637,0
3649,229,195,0
399,628,781,0
4410,265,147,0
4322,291,239,0
398,624,774,0
4007,470,599,0
2337,637,812,0
7,559,95,0
3609,227,197,0
190,535,694,0
2924,510,409,0
2890,528,691,0
717,566,700,0
1871,727,836,0
4441,565,682,0
3051,549,601,0
3444,202,104,0
106,539,647,0
4167,251,171,0
2971,462,662,0
2836,107,284,0
4059,501,615,0
3562,229,207,0
1193,549,690,0
4493,558,672,0
1467,629,774,0
2195,351,325,0
171,307,261,0
3899,247,283,0
3231,341,377,0
3754,233,171,0
3235,341,371,0
3283,330,377,0
3597,230,207,0
4061,601,660,0
3123,492,557,0
836,352,323,0
1097,707,832,0
186,532,692,0
239,567,690,0
4206,377,390,0
2827,204,322,0
3672,220,185,0
4416,302,221,0
3712,216,184,0
4044,569,696,0
2697,559,703,0
4209,381,381,0
3490,201,102,0
1761,444,592,0
135,565,704,0
4522,567,698,0
1157,178,264,0
141,562,702,0
3332,192,111,0
3178,330,391,0
3714,216,185,0
1025,546,657,0
1373,569,687,0
429,723,810,0
1565,470,676,0
405,655,812,0
1616,577,710,0
3094,553,596,0
1392,570,687,0
98,557,697,0
3770,232,175,0
929,541,670,0
3126,507,533,0
955,558,698,0
277,417,677,0
386,616,734,0
3234,337,374,0
4010,242,380,0
3007,549,628,0
1505,615,737,0
4402,266,150,0
1703,528,630,0
3351,204,115,0
743,404,415,0
1771,559,683,0
1065,695,790,0
1417,570,685,0
3017,550,646,0
3999,570,699,0
2925,513,412,0
2686,475,608,0
1704,523,624,0
265,304,648,0
1178,115,62,0
1667,567,686,0
1240,668,821,0
3854,248,273,0
1480,631,776,0
1588,498,649,0
2698,558,704,0
3700,218,184,0
2910,502,612,0
1350,571,688,0
3429,208,108,0
3619,225,198,0
2880,526,685,0
1886,671,835,0
1281,541,681,0
3371,205,117,0
4231,332,278,0
926,541,671,0
742,323,457,0
1439,629,774,0
3653,226,186,0
2517,560,680,0
1023,546,665,0
4062,581,661,0
4066,352,789,0
3453,204,105,0
4427,293,201,0
318,574,699,0
4355,258,156,0
4152,235,163,0
4029,566,702,0
3759,233,170,0
4526,528,657,0
365,582,703,0
3319,200,95,0
3224,339,375,0
62,547,691,0
1586,511,670,0
3330,193,111,0
1619,585,717,0
1371,569,686,0
1191,560,699,0
4452,437,574,0
1475,628,773,0
3468,203,106,0
1597,540,629,0
2257,123,114,0
1120,638,783,0
27,563,96,0
4017,354,452,0
1204,516,664,0
4051,571,698,0
4486,556,673,0
185,530,690,0
695,535,521,0
3379,207,121,0
3324,141,95,0
3838,247,284,0
697,512,635,0
3464,203,105,0
4219,346,289,0
3165,455,521,0
3737,231,173,0
2678,302,358,0
1644,585,718,0
1483,628,773,0
930,546,679,0
864,193,142,0
3105,534,585,0
3886,249,285,0
251,555,670,0
2303,287,390,0
924,538,668,0
4346,271,193,0
252,551,665,0
889,569,684,0
965,548,632,0
1034,534,657,0
3630,226,195,0
2202,194,152,0
116,491,632,0
3640,225,177,0
899,338,669,0
368,584,704,0
266,349,639,0
902,568,662,0
4185,509,648,0
4216,351,292,0
2301,66,206,0
741,256,356,0
215,435,694,0
1293,550,689,0
2889,528,691,0
1469,628,773,0
3610,227,198,0
1462,628,773,0
4329,289,232,0
1233,669,820,0
4378,271,190,0
4224,333,279,0
2670,278,282,0
3718,216,183,0
549,589,699,0
3739,233,175,0
2166,625,784,0
54,556,696,0
1625,588,720,0
3875,250,281,0
720,575,701,0
4419,292,213,0
4450,463,583,0
1177,97,43,0
1369,572,690,0
4239,356,288,0
1402,573,689,0
966,546,627,0
3721,218,184,0
3983,567,698,0
2518,560,701,0
1443,629,774,0
3761,232,168,0
1657,581,718,0
4384,265,184,0
4393,270,181,0
80,541,664,0
1383,570,687,0
849,248,225,0
4268,205,194,0
3363,194,116,0
865,194,140,0
2680,320,357,0
1207,437,546,0
3446,203,104,0
1503,570,656,0
3680,220,185,0
4439,544,674,0
2660,219,210,0
1432,568,685,0
1243,667,819,0
3656,224,180,0
4445,441,587,0
4385,266,181,0
4352,260,165,0
2550,445,594,0
2926,510,430,0
3153,583,707,0
3495,202,103,0
2856,244,461,0
4466,208,497,0
3308,171,93,0
3060,552,606,0
336,566,697,0
2701,541,728,0
2818,129,550,0
3774,233,177,0
4320,292,241,0
28,563,96,0
81,540,664,0
2878,531,689,0
216,339,697,0
1359,572,690,0
3778,223,170,0
2891,529,693,0
1626,587,719,0
360,578,703,0
1685,528,663,0
2861,353,524,0
3106,542,574,0
4443,460,615,0
1280,524,672,0
848,244,214,0
3150,548,655,0
4031,504,652,0
878,174,120,0
3660,223,174,0
1364,570,687,0
1608,588,720,0
3585,230,209,0
384,575,705,0
4023,305,417,0
1118,471,653,0
4154,224,153,0
4245,325,267,0
894,548,697,0
1455,630,776,0
915,469,664,0
4038,498,645,0
704,563,642,0
1394,571,686,0
4453,404,574,0
911,423,668,0
3984,570,698,0
2343,650,827,0
2566,281,266,0
4135,554,672,0
3786,129,134,0
3995,572,696,0
4039,505,647,0
1368,573,690,0
2841,288,385,0
2973,432,661,0
933,542,673,0
3190,328,353,0
1067,669,790,0
727,541,667,0
267,372,639,0
3022,550,643,0
4432,371,307,0
3646,227,194,0
3936,248,267,0
1137,538,655,0
1152,180,257,0
238,569,694,0
1671,513,655,0
2165,636,801,0
1591,579,714,0
3731,228,186,0
1729,531,663,0
4005,569,699,0
1614,578,711,0
1362,571,688,0
38,552,94,0
3006,550,626,0
1520,559,691,0
3658,223,183,0
3181,274,312,0
1476,628,773,0
1112,536,886,0
713,353,337,0
146,556,699,0
3282,330,369,0
3561,229,208,0
1627,588,720,0
4067,360,672,0
897,284,637,0
3707,215,183,0
4437,316,313,0
2342,640,816,0
1522,559,689,0
1144,234,314,0
2519,561,702,0
3240,334,371,0
3435,200,103,0
4128,563,686,0
4198,396,503,0
1366,569,685,0
1666,559,671,0
3553,126,109,0
3916,245,265,0
1187,345,454,0
4521,568,697,0
4190,543,648,0
781,562,671,0
3906,248,283,0
1122,739,884,0
3799,198,353,0
3931,247,266,0
740,256,344,0
3258,300,327,0
231,561,686,0
1024,545,668,0
518,608,652,0
88,555,690,0
2280,240,426,0
4381,267,189,0
1297,549,687,0
2842,290,385,0
136,563,703,0
3431,206,107,0
2515,653,827,0
923,541,673,0
137,563,702,0
3183,320,350,0
3944,248,268,0
2547,433,600,0
2695,553,704,0
144,564,703,0
3783,213,181,0
2341,640,815,0
427,704,867,0
3729,224,185,0
3011,552,656,0
1356,570,687,0
34,553,94,0
2538,543,626,0
1628,588,722,0
4390,269,177,0
4417,293,205,0
1873,681,806,0
3425,202,107,0
327,561,681,0
2685,430,565,0
130,550,696,0
101,488,626,0
1164,177,60,0
3226,338,374,0
4492,557,671,0
830,366,329,0
1887,729,884,0
4495,557,671,0
3430,203,105,0
3083,587,596,0
3253,333,369,0
1343,510,599,0
1501,627,773,0
4342,270,201,0
3311,187,95,0
2588,209,194,0
2215,135,161,0
1780,697,750,0
3957,246,267,0
132,564,703,0
906,432,599,0
1384,570,687,0
3946,248,267,0
3845,246,284,0
1290,550,689,0
3668,219,184,0
3850,246,273,0
1464,628,774,0
4053,569,697,0
3346,148,86,0
3070,548,593,0
862,392,172,0
4042,567,695,0
3447,203,104,0
3016,552,656,0
703,571,701,0
385,579,703,0
4139,245,629,0
4151,229,157,0
4418,308,273,0
415,683,829,0
1661,567,700,0
3876,250,284,0
39,555,95,0
1288,548,686,0
2548,424,596,0
4308,298,241,0
2181,343,329,0
1038,549,670,0
1349,575,694,0
3738,232,168,0
2801,674,838,0
1463,628,774,0
323,573,699,0
714,288,450,0
124,319,436,0
359,575,703,0
3460,205,105,0
2300,63,219,0
4205,376,392,0
3704,217,184,0
3054,556,598,0
3428,199,105,0
2655,222,193,0
2976,518,661,0
3768,233,174,0
1879,600,734,0
4489,558,672,0
279,553,678,0
3948,248,268,0
1123,735,883,0
2666,275,271,0
3884,249,284,0
2857,113,422,0
2545,574,709,0
1385,571,687,0
913,477,674,0
1639,588,719,0
3010,552,659,0
978,547,628,0
382,577,701,0
1386,571,689,0
3953,247,268,0
744,195,261,0
4527,560,690,0
3990,571,698,0
237,568,694,0
4405,265,146,0
1486,629,775,0
2526,562,700,0
18,562,95,0
163,380,509,0
3470,203,106,0
1767,578,706,0
3698,224,186,0
3237,341,368,0
3347,154,88,0
1645,589,723,0
3775,232,177,0
2778,682,839,0
879,238,221,0
1130,539,659,0
1127,550,674,0
177,515,687,0
46,556,695,0
952,560,695,0
3861,247,271,0
1129,536,654,0
1547,423,497,0
967,547,632,0
2798,658,827,0
4063,539,658,0
3736,232,180,0
3871,249,285,0
3964,239,253,0
3254,335,370,0
4218,348,291,0
2302,191,316,0
1740,385,646,0
476,625,744,0
3694,226,185,0
3161,558,665,0
104,552,690,0
3259,284,312,0
59,499,645,0
920,542,674,0
3564,228,207,0
3587,231,208,0
3904,249,284,0
1051,604,754,0
3188,354,403,0
2532,545,638,0
109,409,443,0
4388,267,171,0
1518,556,688,0
1488,624,772,0
4124,553,679,0
3225,338,375,0
1416,570,685,0
3419,196,110,0
4236,331,275,0
1128,543,664,0
2904,441,421,0
4045,570,698,0
2681,321,357,0
1311,467,592,0
3682,220,184,0
4033,506,651,0
3834,249,288,0
1499,631,776,0
1016,548,679,0
4121,566,688,0
1434,520,644,0
1710,498,669,0
4424,295,202,0
901,578,666,0
1278,512,617,0
3227,338,376,0
898,241,641,0
3191,334,372,0
3991,572,699,0
1030,546,659,0
3959,244,266,0
1495,624,761,0
1567,487,681,0
3454,204,104,0
4000,569,700,0
1874,640,771,0
1613,577,711,0
4339,273,206,0
21,562,96,0
3843,246,282,0
4138,282,621,0
3331,192,111,0
3844,246,282,0
1502,596,686,0
1599,497,560,0
1049,564,678,0
745,180,134,0
3603,191,162,0
3558,226,207,0
3882,249,276,0
3228,336,373,0
484,609,729,0
1357,571,688,0
4238,329,275,0
1285,544,686,0
3940,248,267,0
428,715,816,0
3629,225,195,0
4484,554,674,0
8,564,97,0
3424,204,107,0
3985,573,703,0
379,576,700,0
2780,679,838,0
1212,730,888,0
538,524,626,0
3101,550,593,0
1401,570,684,0
3716,216,183,0
242,551,668,0
4144,321,265,0
3769,232,176,0
1684,525,639,0
4524,566,697,0
2339,640,814,0
4436,78,162,0
1620,586,718,0
1466,628,774,0
4469,392,546,0
1022,547,670,0
378,578,705,0
4306,227,202,0
48,558,697,0
863,228,145,0
375,562,692,0
2922,510,432,0
2791,662,828,0
1391,572,691,0
1672,500,642,0
2911,496,578,0
58,505,655,0
537,485,627,0
1551,406,639,0
1650,592,721,0
2216,133,160,0
2287,285,400,0
1360,573,691,0
2974,459,661,0
3565,228,207,0
4422,296,214,0
3221,344,378,0
4412,263,141,0
1774,560,687,0
4246,324,266,0
4447,443,579,0
3092,552,596,0
2254,134,109,0
1479,629,774,0
3480,199,103,0
3057,552,592,0
4353,261,166,0
1415,571,686,0
3955,246,265,0
3853,247,270,0
4242,331,277,0
3724,215,184,0
1456,629,774,0
344,567,697,0
3289,214,159,0
3554,214,198,0
3669,218,184,0
3132,228,512,0
1760,399,597,0
1670,578,704,0
2540,573,710,0
3370,207,117,0
2336,633,810,0
935,543,675,0
96,557,698,0
3314,164,83,0
3176,359,506,0
3763,231,168,0
1482,628,773,0
3174,328,372,0
1610,579,712,0
1408,570,685,0
24,565,97,0
702,575,706,0
3255,337,367,0
1028,547,660,0
3463,203,105,0
35,554,94,0
4035,505,652,0
4025,308,419,0
3575,231,208,0
3818,166,199,0
1294,550,689,0
950,514,623,0
799,563,672,0
4348,267,181,0
3645,228,195,0
3448,202,104,0
338,571,703,0
1449,630,775,0
362,582,704,0
2164,639,808,0
1504,575,704,0
3246,333,370,0
1101,532,846,0
1029,545,658,0
3442,203,104,0
4064,507,665,0
1633,588,719,0
3582,228,208,0
4373,272,200,0
973,547,633,0
780,509,654,0
4315,295,246,0
2653,218,200,0
2796,659,827,0
3013,551,655,0
3864,249,285,0
2514,653,827,0
4230,333,278,0
4330,290,233,0
3986,571,702,0
4052,569,696,0
1395,570,684,0
1339,552,660,0
4235,332,277,0
3184,360,409,0
1045,547,666,0
2802,668,837,0
3249,335,369,0
3485,201,103,0
3872,247,284,0
3497,209,107,0
1596,498,627,0
3449,202,104,0
2273,363,488,0
3215,333,366,0
3824,187,202,0
3152,581,707,0
20,561,95,0
1355,570,688,0
4403,266,149,0
850,249,227,0
293,464,671,0
3894,249,285,0
4426,294,201,0
2288,228,390,0
3316,152,76,0
4058,503,617,0
1592,578,711,0
4331,289,228,0
12,563,96,0
1037,550,672,0
3350,202,113,0
1582,530,693,0
6,558,95,0
1875,653,785,0
1779,566,693,0
1289,549,687,0
4127,562,686,0
1102,556,892,0
1514,619,764,0
837,255,245,0
2830,299,403,0
977,549,637,0
1521,560,689,0
2995,529,669,0
4369,261,140,0
976,548,636,0
3192,336,370,0
477,623,751,0
3538,142,113,0
2691,530,679,0
263,454,656,0
3168,503,534,0
1053,637,779,0
4021,289,400,0
4528,552,688,0
2816,90,244,0
2524,537,686,0
1114,525,881,0
1121,704,866,0
3923,247,267,0
113,469,570,0
3730,224,184,0
4233,331,276,0
3048,540,592,0
747,201,124,0
4220,340,286,0
4371,267,166,0
2820,248,541,0
4227,331,270,0
3960,232,242,0
3475,200,104,0
3093,550,599,0
50,556,696,0
928,544,674,0
3833,248,284,0
2658,209,177,0
809,581,706,0
326,570,700,0
3602,214,194,0
1765,460,598,0
1046,547,666,0
1569,468,673,0
3214,332,367,0
4068,401,831,0
991,550,666,0
4400,267,153,0
771,509,686,0
1778,563,689,0
143,566,707,0
2539,522,638,0
1447,628,774,0
139,564,704,0
4272,154,191,0
339,567,698,0
3287,213,157,0
1530,547,691,0
3891,249,284,0
2510,750,897,0
718,574,702,0
4032,504,649,0
505,553,646,0
1358,573,692,0
194,549,699,0
1407,571,688,0
4003,568,698,0
317,573,698,0
737,171,296,0
152,374,474,0
1427,570,687,0
4434,97,164,0
3036,523,591,0
934,543,673,0
100,562,702,0
1686,526,662,0
3600,228,198,0
3589,229,207,0
833,248,246,0
3518,144,135,0
2271,300,375,0
917,454,670,0
1459,629,775,0
2156,749,895,0
358,573,700,0
1389,570,687,0
4131,558,683,0
4137,463,616,0
3928,247,267,0
3523,337,264,0
1027,546,660,0
1387,570,687,0
3767,233,170,0
3477,200,103,0
2854,405,266,0
1474,631,776,0
1296,552,691,0
1068,673,756,0
3917,246,267,0
4395,271,183,0
2887,530,695,0
3539,128,100,0
3699,220,184,0
1629,585,718,0
1687,524,655,0
2781,676,835,0
3555,226,207,0
1649,589,723,0
345,567,698,0
3634,223,194,0
1314,466,587,0
419,697,845,0
733,138,94,0
1560,404,661,0
2893,532,692,0
724,578,705,0
4215,352,292,0
2668,278,277,0
1189,539,671,0
995,538,671,0
3670,220,185,0
4122,554,679,0
4321,293,241,0
3037,531,591,0
3828,249,289,0
1388,573,691,0
4001,571,701,0
698,559,691,0
719,575,702,0
2269,181,169,0
969,546,633,0
2860,123,309,0
3648,227,193,0
1341,551,657,0
1497,628,774,0
2158,713,870,0
1498,628,774,0
1284,529,658,0
1398,570,684,0
3422,210,112,0
3655,225,186,0
1234,669,819,0
1336,553,659,0
731,240,230,0
30,565,98,0
1783,672,799,0
481,627,749,0
1305,519,653,0
3292,213,158,0
209,339,698,0
2652,218,209,0
1768,582,709,0
3878,248,273,0
813,422,516,0
3467,202,105,0
3058,552,597,0
777,495,637,0
1764,436,601,0
1206,444,561,0
4136,401,518,0
4337,274,210,0
2828,321,433,0
1390,569,687,0
3980,561,695,0
3372,205,118,0
3472,203,105,0
1202,506,657,0
1681,529,665,0
3922,247,267,0
1562,458,663,0
2665,275,273,0
4126,558,683,0
4117,560,680,0
3197,304,351,0
363,587,708,0
730,277,400,0
2996,527,672,0
4030,503,650,0
3965,239,252,0
1117,452,761,0
1036,548,668,0
122,323,437,0
316,569,700,0
815,440,519,0
321,573,699,0
3595,230,207,0
1085,711,845,0
3047,546,592,0
3586,229,208,0
1556,483,651,0
2541,572,707,0
896,309,640,0
3688,226,186,0
3382,205,115,0
1660,562,697,0
2972,478,661,0
4132,564,691,0
3000,508,571,0
4312,296,248,0
254,554,667,0
2298,244,343,0
3599,229,205,0
119,320,407,0
1352,571,687,0
3128,515,516,0
2912,454,477,0
3196,317,359,0
372,582,707,0
2894,525,689,0
3322,178,244,0
4460,314,538,0
2304,150,360,0
3120,173,551,0
4467,267,507,0
2203,173,226,0
4207,380,388,0
3503,208,183,0
3937,248,268,0
3622,226,198,0
1361,570,688,0
847,247,215,0
4485,554,671,0
108,362,489,0
3502,136,90,0
3177,347,513,0
3212,326,352,0
3614,226,198,0
3911,247,282,0
3213,325,353,0
3910,247,282,0
4210,361,302,0
3155,582,707,0
2775,684,840,0
4056,516,647,0
4200,213,100,0
192,532,689,0
218,345,699,0
3050,539,592,0
3933,248,269,0
1489,629,775,0
3835,248,285,0
2182,342,331,0
4357,255,152,0
1201,497,652,0
4174,270,169,0
992,543,669,0
3666,161,149,0
4022,298,411,0
107,382,507,0
3104,542,585,0
4333,289,228,0
1433,526,647,0
2675,296,343,0
1295,551,691,0
866,193,137,0
1669,572,699,0
3751,232,171,0
3156,581,706,0
3471,204,106,0
4525,568,697,0
4409,266,148,0
1478,631,776,0
392,599,733,0
2272,387,515,0
1041,549,669,0
3349,198,113,0
1870,735,842,0
3750,233,172,0
3020,549,651,0
227,562,693,0
3608,225,184,0
1304,546,687,0
367,584,705,0
3436,201,104,0
4065,440,743,0
3096,551,594,0
1282,542,682,0
1160,290,340,0
3356,202,113,0
485,614,759,0
4375,272,195,0
1517,629,757,0
4232,332,277,0
3913,248,280,0
97,556,696,0
2,559,95,0
118,344,439,0
1683,526,638,0
4141,300,594,0
1876,567,750,0
4019,279,368,0
3942,248,269,0
3124,501,550,0
1487,628,774,0
69,833,665,1
70,833,627,1
71,833,666,1
72,834,664,1
75,835,667,1
76,835,669,1
77,834,664,1
78,834,664,1
79,835,669,1
83,834,665,1
84,834,664,1
85,835,690,1
86,835,692,1
159,831,629,1
160,830,548,1
161,829,506,1
162,829,508,1
164,825,438,1
165,823,369,1
167,826,316,1
168,826,324,1
169,828,465,1
170,825,308,1
174,827,415,1
175,829,620,1
176,831,677,1
180,831,625,1
181,834,688,1
182,834,688,1
183,833,688,1
201,834,688,1
202,834,680,1
203,834,690,1
204,834,692,1
205,834,680,1
210,877,692,1
211,879,688,1
212,880,688,1
213,858,691,1
214,855,692,1
220,860,689,1
221,859,687,1
222,859,687,1
223,859,685,1
228,859,693,1
229,858,690,1
230,857,691,1
244,856,666,1
245,856,670,1
246,856,668,1
247,856,667,1
248,856,668,1
249,856,674,1
255,856,670,1
256,857,670,1
257,856,668,1
258,856,670,1
259,855,673,1
260,852,655,1
269,691,670,1
270,693,677,1
271,691,668,1
272,690,665,1
280,813,671,1
281,813,668,1
282,813,666,1
283,814,674,1
284,813,670,1
285,813,675,1
286,813,669,1
287,812,667,1
296,814,654,1
297,814,654,1
298,814,657,1
299,814,656,1
300,814,655,1
301,814,655,1
302,814,659,1
303,814,663,1
304,814,658,1
305,813,658,1
306,814,658,1
307,814,659,1
308,814,662,1
309,814,659,1
310,814,661,1
311,814,664,1
312,814,659,1
313,814,659,1
314,814,664,1
315,814,664,1
328,815,677,1
329,815,681,1
330,816,688,1
331,816,689,1
332,816,693,1
333,816,694,1
334,815,691,1
335,815,689,1
350,816,694,1
351,816,699,1
352,815,695,1
353,815,697,1
354,816,699,1
388,821,719,1
389,817,709,1
390,818,717,1
391,819,727,1
395,821,754,1
396,822,761,1
397,823,766,1
401,826,791,1
402,826,797,1
406,828,811,1
407,827,803,1
408,823,785,1
409,826,796,1
410,826,796,1
420,837,846,1
421,836,846,1
422,836,844,1
423,836,849,1
424,837,850,1
430,843,867,1
431,845,884,1
462,876,885,1
463,876,875,1
464,879,822,1
465,874,748,1
466,865,750,1
467,866,755,1
468,863,756,1
469,864,769,1
470,870,773,1
471,876,776,1
472,878,776,1
473,877,776,1
474,859,780,1
479,859,752,1
480,858,749,1
487,800,758,1
488,801,758,1
489,800,751,1
490,800,740,1
491,800,735,1
492,799,720,1
493,798,704,1
498,795,675,1
499,794,666,1
500,794,665,1
501,794,660,1
502,794,659,1
503,794,654,1
504,795,658,1
508,793,636,1
509,792,640,1
510,791,613,1
511,791,628,1
512,793,641,1
513,796,642,1
514,797,644,1
526,799,656,1
527,796,647,1
528,796,642,1
529,796,642,1
530,795,638,1
531,795,638,1
532,795,635,1
533,794,637,1
534,794,636,1
540,767,635,1
541,768,635,1
542,768,638,1
543,769,640,1
544,770,635,1
545,770,634,1
705,849,665,1
706,848,654,1
707,849,669,1
708,848,664,1
709,844,617,1
710,840,280,1
711,841,338,1
712,841,334,1
734,840,108,1
735,840,102,1
736,840,85,1
748,841,119,1
749,840,117,1
750,840,115,1
751,840,112,1
752,840,110,1
753,840,113,1
754,840,116,1
755,840,109,1
756,840,139,1
757,840,137,1
758,840,144,1
759,843,465,1
760,845,592,1
761,848,652,1
762,848,652,1
763,848,658,1
764,848,658,1
765,848,658,1
766,848,658,1
767,848,654,1
784,795,672,1
785,795,671,1
786,795,674,1
787,795,670,1
788,795,670,1
789,795,672,1
790,795,675,1
791,795,670,1
792,794,669,1
793,794,672,1
794,795,669,1
795,793,669,1
802,795,668,1
803,796,672,1
804,796,670,1
805,796,669,1
806,795,669,1
817,785,524,1
818,785,521,1
819,784,506,1
820,783,448,1
821,783,437,1
822,784,490,1
823,784,521,1
824,784,517,1
839,776,221,1
840,776,235,1
841,775,243,1
842,776,238,1
843,776,238,1
844,775,230,1
845,776,248,1
852,779,281,1
853,777,238,1
854,776,185,1
855,776,202,1
856,776,206,1
857,776,231,1
858,776,228,1
859,776,220,1
860,776,221,1
861,776,197,1
870,759,121,1
871,775,126,1
872,774,126,1
873,775,128,1
874,774,127,1
875,774,127,1
876,774,127,1
877,774,128,1
881,776,313,1
882,777,345,1
883,776,323,1
884,776,300,1
886,778,293,1
936,753,669,1
937,804,671,1
938,804,674,1
939,804,677,1
940,803,673,1
941,803,670,1
942,804,678,1
943,804,681,1
944,803,679,1
945,803,679,1
946,803,676,1
947,803,677,1
948,803,679,1
958,880,650,1
959,891,661,1
960,790,671,1
961,791,681,1
962,791,655,1
963,791,630,1
964,792,651,1
979,792,639,1
980,791,650,1
981,791,654,1
982,792,682,1
983,792,681,1
984,792,684,1
985,792,684,1
986,792,683,1
987,792,680,1
988,792,682,1
989,791,681,1
998,893,662,1
999,893,669,1
1000,893,676,1
1001,892,671,1
1002,888,673,1
1003,886,674,1
1004,880,677,1
1005,881,677,1
1006,873,682,1
1007,868,681,1
1008,864,685,1
1009,868,683,1
1010,872,684,1
1011,872,686,1
1012,869,684,1
1013,870,681,1
1014,879,685,1
1015,843,684,1
1055,789,779,1
1056,792,780,1
1057,791,773,1
1058,792,781,1
1059,792,782,1
1060,791,783,1
1061,792,793,1
1062,792,794,1
1063,792,794,1
1064,791,790,1
1071,813,846,1
1072,813,844,1
1073,812,843,1
1074,813,848,1
1075,812,848,1
1076,813,848,1
1077,815,850,1
1078,815,850,1
1089,814,844,1
1090,814,844,1
1091,814,844,1
1092,815,846,1
1093,815,845,1
1094,817,846,1
1095,816,846,1
1096,816,844,1
1162,748,101,1
1163,748,91,1
1168,744,44,1
1169,748,47,1
1170,747,48,1
1171,747,49,1
1172,747,48,1
1173,747,48,1
1174,747,46,1
1175,747,47,1
1215,816,884,1
1216,815,884,1
1217,817,886,1
1218,818,888,1
1219,818,889,1
1225,820,882,1
1226,813,867,1
1227,803,830,1
1228,800,816,1
1229,800,818,1
1235,801,819,1
1236,800,821,1
1237,801,820,1
1238,800,820,1
1249,802,818,1
1250,806,813,1
1251,805,835,1
1252,821,884,1
1253,820,891,1
1254,820,896,1
1255,818,888,1
1275,825,899,1
1276,807,855,1
1277,769,666,1
1307,768,635,1
1308,769,595,1
1309,770,639,1
1310,769,633,1
1315,700,646,1
1316,707,651,1
1317,707,630,1
1320,751,582,1
1321,753,594,1
1322,751,634,1
1323,746,590,1
1324,748,628,1
1325,749,631,1
1326,749,639,1
1327,750,648,1
1328,750,645,1
1329,750,659,1
1330,751,662,1
1331,751,660,1
1332,751,661,1
1333,751,667,1
1334,750,664,1
1345,752,655,1
1346,752,639,1
1420,752,596,1
1421,752,613,1
1422,752,616,1
1423,752,625,1
1424,752,651,1
1493,763,544,1
1494,762,495,1
1506,767,764,1
1507,767,764,1
1508,767,764,1
1509,767,766,1
1510,767,764,1
1515,768,766,1
1516,767,766,1
1534,894,553,1
1535,893,539,1
1536,893,539,1
1537,893,548,1
1538,893,552,1
1539,893,547,1
1540,893,551,1
1541,893,502,1
1542,892,582,1
1543,892,575,1
1544,892,574,1
1545,893,616,1
1546,892,574,1
1571,882,585,1
1572,885,558,1
1573,885,553,1
1574,885,554,1
1575,885,551,1
1576,885,547,1
1577,885,551,1
1578,886,579,1
1579,886,557,1
1580,885,565,1
1600,886,610,1
1675,887,656,1
1676,887,666,1
1677,888,667,1
1678,887,638,1
1679,887,651,1
1680,887,651,1
1690,888,670,1
1691,888,660,1
1692,888,660,1
1693,888,662,1
1694,888,663,1
1695,887,664,1
1696,888,670,1
1697,887,663,1
1698,888,669,1
1699,888,678,1
1700,887,682,1
1713,898,622,1
1714,898,664,1
1715,897,625,1
1716,898,666,1
1717,898,673,1
1718,898,677,1
1719,898,670,1
1720,898,673,1
1721,897,640,1
1722,897,620,1
1723,896,624,1
1724,896,614,1
1725,896,604,1
1726,896,616,1
1727,897,597,1
1728,897,627,1
1732,897,630,1
1733,897,610,1
1734,897,589,1
1735,897,639,1
1743,885,643,1
1744,886,645,1
1745,886,652,1
1746,886,672,1
1747,886,672,1
1748,886,678,1
1749,886,673,1
1750,886,672,1
1751,885,628,1
1752,885,612,1
1753,885,615,1
1754,881,613,1
1755,882,599,1
1756,876,596,1
1757,884,596,1
1758,884,599,1
1862,899,893,1
1863,896,875,1
1864,890,724,1
1865,893,844,1
1880,892,735,1
1881,892,733,1
1882,891,716,1
1883,891,710,1
1884,891,709,1
2167,886,758,1
2168,885,753,1
2169,886,780,1
2170,886,775,1
2171,885,768,1
2172,886,756,1
2173,882,553,1
2174,880,365,1
2187,884,341,1
2188,883,338,1
2189,883,335,1
2190,883,338,1
2191,883,336,1
2192,883,338,1
2193,883,330,1
2207,680,177,1
2208,617,174,1
2209,603,172,1
2210,598,172,1
2217,587,158,1
2218,591,157,1
2219,588,156,1
2220,588,155,1
2221,587,154,1
2222,587,154,1
2223,586,156,1
2224,582,145,1
2225,575,143,1
2226,616,141,1
2227,686,142,1
2228,730,141,1
2229,753,141,1
2230,777,139,1
2231,768,138,1
2232,759,138,1
2233,758,138,1
2234,754,138,1
2235,764,139,1
2236,762,139,1
2237,757,138,1
2238,783,139,1
2239,784,144,1
2240,740,156,1
2241,738,153,1
2242,739,157,1
2243,738,139,1
2244,755,152,1
2245,756,147,1
2246,828,138,1
2247,837,131,1
2248,837,127,1
2249,835,126,1
2250,832,122,1
2251,832,119,1
2252,830,122,1
2253,830,126,1
2258,785,129,1
2259,787,131,1
2260,800,133,1
2261,810,133,1
2262,812,133,1
2263,809,133,1
2264,812,134,1
2265,839,133,1
2266,833,134,1
2267,830,137,1
2268,830,141,1
2291,854,411,1
2292,854,431,1
2293,854,446,1
2294,854,443,1
2295,853,442,1
2296,854,445,1
2297,853,377,1
2308,853,761,1
2309,848,610,1
2310,848,607,1
2311,848,604,1
2312,847,565,1
2313,847,590,1
2314,847,544,1
2315,847,450,1
2316,856,777,1
2317,858,808,1
2318,856,773,1
2319,857,792,1
2320,857,800,1
2321,857,799,1
2322,858,806,1
2323,858,806,1
2324,858,807,1
2325,856,795,1
2326,856,793,1
2327,857,799,1
2328,852,792,1
2329,856,792,1
2330,881,793,1
2331,882,794,1
2332,884,797,1
2512,890,851,1
2513,889,846,1
2528,860,647,1
2534,860,631,1
2535,860,618,1
2536,860,616,1
2537,859,616,1
2552,852,595,1
2553,851,593,1
2554,826,593,1
2555,849,593,1
2556,843,593,1
2557,839,594,1
2558,840,587,1
2559,840,603,1
2567,837,338,1
2568,837,401,1
2569,837,325,1
2570,837,312,1
2571,836,315,1
2572,836,359,1
2573,837,408,1
2574,836,336,1
2575,835,178,1
2576,836,232,1
2577,487,296,1
2578,835,226,1
2579,835,307,1
2580,836,318,1
2581,835,300,1
2582,835,253,1
2583,837,187,1
2584,837,171,1
2585,825,157,1
2586,826,159,1
2587,833,187,1
2589,833,222,1
2590,833,231,1
2591,833,226,1
2592,833,221,1
2593,834,181,1
2594,829,177,1
2595,824,174,1
2596,823,172,1
2597,816,171,1
2598,807,169,1
2599,804,168,1
2600,802,167,1
2601,802,162,1
2602,800,168,1
2603,810,192,1
2604,807,191,1
2605,806,188,1
2606,806,184,1
2607,812,215,1
2608,786,231,1
2609,716,233,1
2610,706,228,1
2611,724,224,1
2612,725,223,1
2613,728,223,1
2614,722,222,1
2615,720,221,1
2616,715,220,1
2617,700,221,1
2618,687,238,1
2619,607,240,1
2620,507,239,1
2621,504,236,1
2622,502,234,1
2623,503,230,1
2624,507,228,1
2625,504,226,1
2626,502,227,1
2627,507,228,1
2628,507,226,1
2629,507,226,1
2630,504,226,1
2631,505,226,1
2632,506,223,1
2633,588,232,1
2634,758,229,1
2635,778,239,1
2636,777,239,1
2637,818,239,1
2638,825,239,1
2639,822,236,1
2640,821,237,1
2641,822,234,1
2642,822,235,1
2643,822,236,1
2644,823,234,1
2645,824,237,1
2646,824,241,1
2647,823,245,1
2648,824,244,1
2649,823,243,1
2650,824,243,1
2783,847,835,1
2784,847,835,1
2785,846,833,1
2786,846,833,1
2787,846,832,1
2788,845,831,1
2789,845,829,1
2790,844,828,1
2803,845,837,1
2804,846,837,1
2805,845,837,1
2806,845,836,1
2807,845,836,1
2843,870,354,1
2844,870,356,1
2845,870,346,1
2846,870,353,1
2847,869,327,1
2848,870,317,1
2849,869,312,1
2850,869,288,1
2851,869,285,1
2852,869,282,1
2853,869,282,1
2862,873,644,1
2863,873,649,1
2864,873,643,1
2865,873,647,1
2866,872,643,1
2867,873,653,1
2868,873,606,1
2869,873,647,1
2870,872,613,1
2871,873,632,1
2872,873,662,1
2873,873,680,1
2874,872,674,1
2875,873,675,1
2876,873,665,1
2877,873,685,1
2883,874,690,1
2884,873,687,1
2885,873,690,1
2895,874,690,1
2896,873,643,1
2897,873,625,1
2898,873,626,1
2899,873,624,1
2900,872,601,1
2901,872,480,1
2902,872,386,1
2903,871,451,1
2914,874,466,1
2915,873,516,1
2928,873,404,1
2929,873,412,1
2930,873,387,1
2931,873,327,1
2932,874,371,1
2933,873,289,1
2934,873,271,1
2935,873,240,1
2936,873,208,1
2937,873,181,1
2938,873,177,1
2939,873,170,1
2940,873,209,1
2941,873,343,1
2942,873,446,1
2943,873,378,1
2944,872,291,1
2945,873,276,1
2946,872,248,1
2947,873,235,1
2948,872,239,1
2949,872,237,1
2950,872,235,1
2951,872,236,1
2952,872,230,1
2953,872,232,1
2954,872,236,1
2955,872,227,1
2956,872,234,1
2957,872,380,1
2958,872,319,1
2959,872,590,1
2960,872,655,1
2961,872,673,1
2962,872,687,1
2963,872,687,1
2964,871,666,1
2965,870,654,1
2966,854,657,1
2977,878,651,1
2978,878,660,1
2979,877,663,1
2980,878,658,1
2981,878,662,1
2982,877,665,1
2983,878,669,1
2984,877,666,1
2985,877,671,1
2986,878,671,1
2987,877,670,1
2988,877,669,1
2989,878,667,1
2990,878,667,1
2991,877,669,1
2992,878,667,1
2993,878,668,1
2994,877,667,1
3041,854,597,1
3042,879,604,1
3043,878,595,1
3044,878,592,1
3045,878,598,1
3046,878,594,1
3061,879,594,1
3062,879,602,1
3063,878,593,1
3064,878,597,1
3065,878,595,1
3066,878,595,1
3067,878,596,1
3068,878,597,1
3069,878,604,1
3071,878,597,1
3072,878,601,1
3073,878,591,1
3074,878,591,1
3075,878,595,1
3076,878,597,1
3077,878,595,1
3078,878,596,1
3079,878,600,1
3080,878,597,1
3081,878,600,1
3082,878,594,1
3110,879,600,1
3111,879,596,1
3112,878,590,1
3113,877,577,1
3114,878,570,1
3115,880,566,1
3116,880,557,1
3117,884,554,1
3135,888,452,1
3136,898,457,1
3137,896,429,1
3138,893,433,1
3139,894,428,1
3140,893,429,1
3141,892,428,1
3142,891,421,1
3143,892,417,1
3144,891,414,1
3145,892,412,1
3146,891,416,1
3147,891,425,1
3148,890,428,1
3198,893,350,1
3199,893,356,1
3200,893,348,1
3201,893,347,1
3202,893,342,1
3203,893,341,1
3204,893,355,1
3205,893,345,1
3206,893,355,1
3207,893,351,1
3261,894,315,1
3262,894,319,1
3263,893,328,1
3264,893,327,1
3265,893,329,1
3266,893,328,1
3267,893,325,1
3268,893,325,1
3269,893,320,1
3270,893,318,1
3271,893,316,1
3272,893,314,1
3273,893,354,1
3274,893,355,1
3275,893,351,1
3276,893,345,1
3277,893,334,1
3278,893,327,1
3279,893,334,1
3280,893,334,1
3333,893,122,1
3334,893,123,1
3335,893,123,1
3336,893,123,1
3337,893,126,1
3338,893,122,1
3339,892,124,1
3340,893,123,1
3341,893,113,1
3342,893,113,1
3383,894,130,1
3384,893,132,1
3385,893,131,1
3386,893,132,1
3387,893,133,1
3388,893,130,1
3389,893,131,1
3390,892,131,1
3391,892,132,1
3392,893,133,1
3393,893,131,1
3394,892,130,1
3395,892,130,1
3396,892,132,1
3397,892,131,1
3398,892,132,1
3399,892,132,1
3400,892,128,1
3401,892,121,1
3402,892,120,1
3403,892,120,1
3404,892,120,1
3405,893,131,1
3406,892,130,1
3407,892,131,1
3408,892,131,1
3409,892,131,1
3410,892,131,1
3411,892,131,1
3412,892,130,1
3413,892,131,1
3414,892,131,1
3415,892,133,1
3418,892,132,1
3506,893,134,1
3507,894,266,1
3508,893,180,1
3509,893,166,1
3510,893,162,1
3519,826,122,1
3520,826,123,1
3521,826,152,1
3522,826,198,1
3528,827,116,1
3529,828,130,1
3530,828,135,1
3531,827,137,1
3532,827,135,1
3533,827,136,1
3534,827,140,1
3535,827,137,1
3536,827,133,1
3537,827,130,1
3542,828,123,1
3543,827,123,1
3544,827,126,1
3545,827,131,1
3546,827,129,1
3547,827,122,1
3548,827,122,1
3549,827,117,1
3550,827,127,1
3788,830,242,1
3789,830,257,1
3790,829,291,1
3791,830,357,1
3792,829,353,1
3793,854,354,1
3794,855,357,1
3795,853,353,1
3796,852,355,1
3797,851,355,1
3801,863,355,1
3802,863,346,1
3803,864,430,1
3804,863,281,1
3805,863,183,1
3806,863,164,1
3807,863,209,1
3808,862,209,1
3809,862,208,1
3810,863,207,1
3811,863,210,1
3812,863,212,1
3813,863,215,1
3814,862,213,1
3815,863,213,1
3816,862,216,1
3819,863,219,1
3820,863,221,1
3821,863,220,1
3822,863,221,1
3823,862,220,1
3969,864,240,1
3970,863,133,1
3971,863,126,1
3972,863,183,1
3973,863,171,1
3974,863,171,1
3975,863,184,1
3976,863,177,1
4011,864,382,1
4012,864,384,1
4013,863,385,1
4014,864,384,1
4015,863,386,1
4155,873,164,1
4156,872,165,1
4157,872,162,1
4158,872,163,1
4159,871,164,1
4160,871,167,1
4161,871,184,1
4162,871,186,1
4163,871,187,1
4164,871,188,1
4165,871,186,1
4168,871,165,1
4169,870,124,1
4248,872,257,1
4249,872,260,1
4250,872,265,1
4251,872,266,1
4252,871,266,1
4253,871,253,1
4254,871,266,1
4255,871,267,1
4256,871,270,1
4257,871,269,1
4258,871,268,1
4259,871,270,1
4260,871,271,1
4261,871,271,1
4262,871,270,1
4263,871,269,1
4265,871,238,1
4266,870,236,1
4267,871,236,1
4273,727,198,1
4274,746,200,1
4275,736,201,1
4276,739,197,1
4277,730,199,1
4278,731,198,1
4279,735,197,1
4280,759,197,1
4281,756,199,1
4282,770,199,1
4283,784,198,1
4284,788,200,1
4285,794,199,1
4286,793,201,1
4287,788,201,1
4288,787,201,1
4289,791,201,1
4290,792,201,1
4291,790,203,1
4292,791,202,1
4293,791,202,1
4294,793,204,1
4295,794,204,1
4296,794,206,1
4297,794,205,1
4298,794,205,1
4299,793,209,1
4300,793,223,1
4301,793,235,1
4302,793,227,1
4303,793,230,1
4304,793,232,1
4343,797,188,1
4344,797,184,1
4345,797,179,1
4360,758,150,1
4361,798,153,1
4362,797,146,1
4363,797,158,1
4364,797,160,1
4365,797,158,1
4366,797,159,1
4367,797,160,1
4472,892,602,1
4473,891,545,1
4474,893,552,1
4475,901,545,1
4476,900,546,1
4477,896,549,1
4478,896,547,1
4479,896,543,1
4480,898,581,1
4481,898,669,1
4482,898,669,1
4497,899,669,1
4498,899,667,1
4499,899,667,1
4500,899,667,1
4501,899,667,1
4502,910,673,1
4503,918,682,1
4504,918,677,1
4505,910,658,1
4506,908,636,1
4507,913,628,1
4508,918,634,1
4509,919,627,1
4510,922,628,1
4511,920,638,1
4512,918,651,1
4513,910,653,1
4514,899,658,1
4515,898,666,1
4516,899,672,1
4517,898,675,1
4518,898,674,1
4519,899,674,1
4520,899,675,1
